LeftPos,LeftVelocity,LeftAcceleration,LeftJerk,LeftHeading,LeftDt,LeftX,LeftY,RightPos,RightVelocity,RightAcceleration,RightJerk,RightHeading,RightDt,RightX,RightY,
0.000, 0.059, 5.926, 592.593, 0.000, 0.010, 0.000, 1.063, 0.000, 0.059, 5.926, 592.593, 0.000, 0.010, 0.000, -1.062
0.001, 0.119, 5.926, -0.021, 0.000, 0.010, 0.001, 1.063, 0.001, 0.119, 5.926, 0.021, 0.000, 0.010, 0.001, -1.062
0.004, 0.267, 14.814, 888.781, 0.000, 0.010, 0.004, 1.063, 0.004, 0.267, 14.816, 888.996, 0.000, 0.010, 0.004, -1.062
0.009, 0.474, 20.736, 592.255, 0.000, 0.010, 0.009, 1.063, 0.009, 0.474, 20.745, 592.930, 0.000, 0.010, 0.009, -1.062
0.016, 0.741, 26.654, 591.817, 0.000, 0.010, 0.016, 1.063, 0.016, 0.741, 26.679, 593.368, 0.000, 0.010, 0.016, -1.062
0.027, 1.066, 32.565, 591.101, 0.000, 0.010, 0.027, 1.063, 0.027, 1.067, 32.620, 594.084, 0.000, 0.010, 0.027, -1.062
0.041, 1.451, 38.466, 590.041, 0.000, 0.010, 0.041, 1.063, 0.041, 1.453, 38.571, 595.144, 0.000, 0.010, 0.041, -1.062
0.060, 1.894, 44.351, 588.570, 0.000, 0.010, 0.060, 1.063, 0.060, 1.898, 44.538, 596.615, 0.000, 0.010, 0.060, -1.062
0.084, 2.397, 50.218, 586.626, 0.000, 0.010, 0.084, 1.063, 0.085, 2.403, 50.523, 598.559, 0.000, 0.010, 0.085, -1.062
0.114, 2.957, 56.059, 584.150, 0.000, 0.010, 0.114, 1.063, 0.114, 2.969, 56.533, 601.035, 0.000, 0.010, 0.114, -1.062
0.150, 3.576, 61.870, 581.086, 0.000, 0.010, 0.150, 1.063, 0.150, 3.595, 62.574, 604.100, 0.000, 0.010, 0.150, -1.062
0.192, 4.252, 67.644, 577.381, 0.000, 0.010, 0.192, 1.063, 0.193, 4.281, 68.653, 607.804, 0.000, 0.010, 0.193, -1.062
0.242, 4.986, 73.374, 572.986, 0.001, 0.010, 0.242, 1.063, 0.243, 5.029, 74.774, 612.199, 0.001, 0.010, 0.243, -1.062
0.300, 5.777, 79.052, 567.852, 0.001, 0.010, 0.300, 1.063, 0.302, 5.838, 80.948, 617.333, 0.001, 0.010, 0.302, -1.062
0.366, 6.623, 84.671, 561.930, 0.001, 0.010, 0.366, 1.063, 0.369, 6.710, 87.180, 623.255, 0.001, 0.010, 0.369, -1.062
0.441, 7.525, 90.223, 555.165, 0.002, 0.010, 0.441, 1.063, 0.445, 7.645, 93.481, 630.020, 0.002, 0.010, 0.445, -1.062
0.526, 8.482, 95.698, 547.491, 0.003, 0.010, 0.526, 1.063, 0.532, 8.643, 99.858, 637.694, 0.003, 0.010, 0.532, -1.062
0.621, 9.493, 101.086, 538.824, 0.004, 0.010, 0.621, 1.063, 0.629, 9.707, 106.321, 646.359, 0.004, 0.010, 0.629, -1.062
0.726, 10.528, 103.455, 236.908, 0.005, 0.010, 0.726, 1.064, 0.737, 10.805, 109.878, 355.682, 0.005, 0.010, 0.737, -1.061
0.842, 11.556, 102.825, -63.007, 0.007, 0.010, 0.842, 1.064, 0.856, 11.911, 110.508, 63.002, 0.007, 0.010, 0.856, -1.061
0.968, 12.577, 102.131, -69.418, 0.009, 0.010, 0.968, 1.065, 0.986, 13.023, 111.202, 69.411, 0.009, 0.010, 0.986, -1.060
1.104, 13.591, 101.369, -76.233, 0.011, 0.010, 1.104, 1.067, 1.127, 14.142, 111.964, 76.222, 0.011, 0.010, 1.127, -1.058
1.250, 14.596, 100.532, -83.643, 0.014, 0.010, 1.250, 1.069, 1.280, 15.270, 112.801, 83.627, 0.014, 0.010, 1.280, -1.056
1.406, 15.593, 99.614, -91.875, 0.018, 0.010, 1.405, 1.071, 1.444, 16.407, 113.719, 91.851, 0.018, 0.010, 1.444, -1.054
1.571, 16.579, 98.602, -101.194, 0.023, 0.010, 1.571, 1.074, 1.620, 17.555, 114.731, 101.162, 0.023, 0.010, 1.620, -1.050
1.747, 17.553, 97.482, -111.916, 0.028, 0.010, 1.747, 1.079, 1.807, 18.713, 115.849, 111.868, 0.028, 0.010, 1.807, -1.045
1.932, 18.516, 96.239, -124.398, 0.035, 0.010, 1.932, 1.085, 2.006, 19.884, 117.093, 124.337, 0.035, 0.010, 2.006, -1.039
2.127, 19.464, 94.848, -139.068, 0.042, 0.010, 2.126, 1.092, 2.216, 21.069, 118.483, 138.981, 0.042, 0.010, 2.216, -1.031
2.331, 20.397, 93.284, -156.407, 0.051, 0.010, 2.330, 1.102, 2.439, 22.269, 120.045, 156.289, 0.051, 0.010, 2.439, -1.021
2.544, 21.312, 91.514, -176.972, 0.061, 0.010, 2.543, 1.114, 2.674, 23.488, 121.814, 176.815, 0.061, 0.010, 2.673, -1.007
2.766, 22.207, 89.500, -201.388, 0.073, 0.010, 2.764, 1.129, 2.921, 24.726, 123.825, 201.172, 0.073, 0.010, 2.920, -0.991
2.997, 23.079, 87.197, -230.331, 0.087, 0.010, 2.994, 1.147, 3.181, 25.987, 126.126, 230.040, 0.087, 0.010, 3.179, -0.970
3.236, 23.925, 84.552, -264.493, 0.103, 0.010, 3.233, 1.170, 3.454, 27.275, 128.767, 264.102, 0.103, 0.010, 3.450, -0.944
3.483, 24.740, 81.507, -304.502, 0.121, 0.010, 3.478, 1.197, 3.740, 28.593, 131.806, 303.970, 0.121, 0.010, 3.734, -0.912
3.738, 25.520, 77.999, -350.746, 0.142, 0.010, 3.731, 1.230, 4.039, 29.946, 135.307, 350.031, 0.142, 0.010, 4.031, -0.873
4.001, 26.260, 73.969, -403.093, 0.165, 0.010, 3.991, 1.271, 4.353, 31.339, 139.328, 402.127, 0.165, 0.010, 4.341, -0.825
4.271, 26.953, 69.365, -460.362, 0.193, 0.010, 4.256, 1.319, 4.680, 32.778, 143.919, 459.056, 0.193, 0.010, 4.664, -0.767
4.547, 27.595, 64.170, -519.455, 0.224, 0.010, 4.526, 1.376, 5.023, 34.269, 149.096, 517.720, 0.224, 0.010, 4.999, -0.696
4.828, 28.179, 58.430, -574.057, 0.260, 0.010, 4.800, 1.443, 5.381, 35.817, 154.813, 571.755, 0.260, 0.010, 5.347, -0.610
5.115, 28.702, 52.303, -612.659, 0.301, 0.010, 5.076, 1.523, 5.756, 37.426, 160.910, 609.692, 0.301, 0.010, 5.706, -0.507
5.407, 29.164, 46.141, -616.248, 0.348, 0.010, 5.352, 1.615, 6.147, 39.097, 167.035, 612.527, 0.348, 0.010, 6.077, -0.382
5.703, 29.569, 40.579, -556.180, 0.401, 0.010, 5.627, 1.724, 6.555, 40.822, 172.553, 551.774, 0.401, 0.010, 6.457, -0.233
6.002, 29.936, 36.634, -394.504, 0.461, 0.010, 5.899, 1.848, 6.981, 42.587, 176.451, 389.736, 0.461, 0.010, 6.844, -0.055
6.305, 30.293, 35.729, -90.472, 0.527, 0.010, 6.166, 1.992, 7.424, 44.360, 177.312, 86.104, 0.527, 0.010, 7.235, 0.155
6.612, 30.688, 39.548, 381.857, 0.599, 0.010, 6.426, 2.155, 7.885, 46.095, 173.466, -384.528, 0.599, 0.010, 7.624, 0.401
6.923, 31.161, 47.258, 770.999, 0.677, 0.010, 6.676, 2.341, 8.362, 47.693, 159.842, -1362.447, 0.677, 0.010, 8.008, 0.685
7.241, 31.756, 59.465, 1220.699, 0.759, 0.010, 6.915, 2.550, 8.853, 49.052, 135.848, -2399.365, 0.759, 0.010, 8.377, 1.007
7.566, 32.528, 77.202, 1773.697, 0.841, 0.010, 7.142, 2.783, 9.354, 50.115, 106.373, -2947.475, 0.841, 0.010, 8.726, 1.367
7.901, 33.500, 97.265, 2006.326, 0.923, 0.010, 7.355, 3.042, 9.862, 50.861, 74.600, -3177.366, 0.923, 0.010, 9.049, 1.760
8.248, 34.656, 115.607, 1834.189, 1.001, 0.010, 7.553, 3.327, 10.375, 51.307, 44.541, -3005.868, 1.001, 0.010, 9.342, 2.181
8.607, 35.945, 128.840, 1323.291, 1.075, 0.010, 7.735, 3.636, 10.891, 51.502, 19.555, -2498.572, 1.075, 0.010, 9.604, 2.625
8.980, 37.298, 135.315, 647.557, 1.142, 0.010, 7.901, 3.970, 11.406, 51.515, 1.278, -1827.699, 1.142, 0.010, 9.833, 3.086
9.367, 38.650, 135.216, -9.918, 1.202, 0.010, 8.051, 4.326, 11.920, 51.410, -10.468, -1174.612, 1.202, 0.010, 10.033, 3.560
9.766, 39.949, 129.899, -531.749, 1.255, 0.010, 8.185, 4.703, 12.432, 51.240, -17.025, -655.755, 1.255, 0.010, 10.205, 4.042
10.178, 41.160, 121.089, -880.990, 1.301, 0.010, 8.304, 5.097, 12.943, 51.039, -20.105, -308.011, 1.301, 0.010, 10.352, 4.531
10.601, 42.263, 110.335, -1075.406, 1.342, 0.010, 8.408, 5.507, 13.451, 50.827, -21.245, -113.988, 1.342, 0.010, 10.477, 5.024
11.033, 43.251, 98.785, -1154.930, 1.376, 0.010, 8.499, 5.929, 13.957, 50.611, -21.588, -34.227, 1.376, 0.010, 10.583, 5.518
11.474, 44.123, 87.186, -1159.978, 1.406, 0.010, 8.577, 6.364, 14.461, 50.392, -21.874, -28.652, 1.406, 0.010, 10.673, 6.014
11.923, 44.883, 75.963, -1122.275, 1.431, 0.010, 8.645, 6.807, 14.963, 50.167, -22.532, -65.760, 1.431, 0.010, 10.749, 6.510
12.378, 45.536, 65.329, -1063.411, 1.451, 0.010, 8.704, 7.259, 15.462, 49.929, -23.772, -124.074, 1.451, 0.010, 10.814, 7.005
12.839, 46.090, 55.362, -996.640, 1.468, 0.010, 8.755, 7.717, 15.959, 49.672, -25.676, -190.374, 1.468, 0.010, 10.869, 7.499
13.305, 46.550, 46.069, -929.370, 1.481, 0.010, 8.800, 8.180, 16.452, 49.390, -28.249, -257.270, 1.481, 0.010, 10.916, 7.991
13.774, 46.924, 37.416, -865.261, 1.492, 0.010, 8.839, 8.648, 16.943, 49.075, -31.460, -321.088, 1.492, 0.010, 10.957, 8.480
14.247, 47.247, 32.285, -513.140, 1.499, 0.010, 8.875, 9.119, 17.431, 48.752, -32.264, -80.402, 1.499, 0.010, 10.994, 8.966
14.722, 47.555, 30.720, -156.505, 1.503, 0.010, 8.908, 9.593, 17.915, 48.445, -30.707, 155.718, 1.503, 0.010, 11.028, 9.449
15.201, 47.853, 29.802, -91.800, 1.504, 0.010, 8.940, 10.071, 18.397, 48.147, -29.795, 91.123, 1.504, 0.010, 11.060, 9.929
15.682, 48.148, 29.497, -30.429, 1.503, 0.010, 8.972, 10.551, 18.875, 47.852, -29.497, 29.803, 1.503, 0.010, 11.092, 10.407
16.167, 48.445, 29.795, 29.816, 1.499, 0.010, 9.006, 11.034, 19.351, 47.554, -29.802, -30.441, 1.499, 0.010, 11.125, 10.881
16.654, 48.753, 30.707, 91.135, 1.492, 0.010, 9.043, 11.521, 19.823, 47.247, -30.720, -91.813, 1.492, 0.010, 11.161, 11.352
17.145, 49.075, 32.264, 155.731, 1.481, 0.010, 9.084, 12.010, 20.292, 46.924, -32.285, -156.518, 1.481, 0.010, 11.200, 11.820
17.639, 49.420, 34.522, 225.795, 1.468, 0.010, 9.131, 12.501, 20.758, 46.579, -34.553, -226.758, 1.468, 0.010, 11.245, 12.284
18.137, 49.796, 37.556, 303.411, 1.451, 0.010, 9.186, 12.996, 21.220, 46.203, -37.599, -304.641, 1.451, 0.010, 11.296, 12.743
18.639, 50.211, 41.459, 390.320, 1.430, 0.010, 9.251, 13.494, 21.678, 45.788, -41.518, -391.927, 1.430, 0.010, 11.355, 13.197
19.146, 50.674, 46.333, 487.352, 1.405, 0.010, 9.328, 13.995, 22.131, 45.324, -46.413, -489.488, 1.405, 0.010, 11.424, 13.645
19.658, 51.197, 52.266, 593.340, 1.375, 0.010, 9.420, 14.499, 22.579, 44.800, -52.375, -596.200, 1.375, 0.010, 11.504, 14.086
20.176, 51.790, 59.297, 703.105, 1.339, 0.010, 9.530, 15.005, 23.021, 44.205, -59.444, -706.920, 1.339, 0.010, 11.598, 14.518
20.700, 52.463, 67.337, 803.995, 1.297, 0.010, 9.660, 15.513, 23.457, 43.530, -67.535, -809.028, 1.297, 0.010, 11.706, 14.939
21.233, 53.223, 76.044, 870.624, 1.248, 0.010, 9.816, 16.022, 23.884, 42.767, -76.305, -877.063, 1.248, 0.010, 11.832, 15.348
21.773, 54.070, 84.625, 858.105, 1.191, 0.010, 10.002, 16.530, 24.304, 41.917, -84.964, -865.918, 1.191, 0.010, 11.976, 15.742
22.323, 54.986, 91.595, 697.012, 1.125, 0.010, 10.222, 17.033, 24.714, 40.997, -92.020, -705.595, 1.125, 0.010, 12.140, 16.117
22.882, 55.931, 94.582, 298.774, 1.050, 0.010, 10.482, 17.529, 25.114, 40.046, -95.085, -306.492, 1.050, 0.010, 12.325, 16.472
23.451, 56.836, 90.457, -412.530, 0.967, 0.010, 10.784, 18.010, 25.505, 39.136, -90.998, 408.682, 0.967, 0.010, 12.534, 16.804
24.027, 57.598, 76.163, -1429.391, 0.876, 0.010, 11.132, 18.469, 25.889, 38.370, -76.665, 1433.348, 0.876, 0.010, 12.765, 17.109
24.608, 58.102, 50.415, -2574.831, 0.781, 0.010, 11.525, 18.897, 26.268, 37.862, -50.770, 2589.473, 0.781, 0.010, 13.021, 17.389
25.190, 58.257, 15.501, -3491.341, 0.684, 0.010, 11.958, 19.287, 26.645, 37.706, -15.614, 3515.578, 0.684, 0.010, 13.301, 17.641
25.771, 58.032, -22.491, -3799.295, 0.590, 0.010, 12.425, 19.632, 27.024, 37.932, 22.655, 3826.931, 0.590, 0.010, 13.606, 17.866
26.345, 57.471, -56.050, -3355.870, 0.501, 0.010, 12.916, 19.930, 27.409, 38.497, 56.441, 3378.639, 0.501, 0.010, 13.936, 18.066
26.912, 56.674, -79.724, -2367.429, 0.419, 0.010, 13.424, 20.181, 27.802, 39.299, 80.241, 2380.014, 0.419, 0.010, 14.288, 18.240
27.470, 55.754, -92.017, -1229.305, 0.346, 0.010, 13.942, 20.389, 28.204, 40.225, 92.557, 1231.553, 0.346, 0.010, 14.662, 18.389
28.018, 54.807, -94.719, -270.113, 0.281, 0.010, 14.463, 20.557, 28.616, 41.177, 95.210, 265.319, 0.281, 0.010, 15.053, 18.516
28.557, 53.897, -91.007, 371.202, 0.226, 0.010, 14.985, 20.692, 29.037, 42.091, 91.418, -379.199, 0.226, 0.010, 15.461, 18.621
29.087, 53.058, -83.905, 710.183, 0.178, 0.010, 15.505, 20.799, 29.466, 42.933, 84.232, -718.648, 0.178, 0.010, 15.881, 18.707
29.610, 52.301, -75.616, 828.904, 0.138, 0.010, 16.021, 20.881, 29.903, 43.692, 75.867, -836.444, 0.138, 0.010, 16.313, 18.776
30.127, 51.627, -67.487, 812.847, 0.104, 0.010, 16.534, 20.943, 30.347, 44.369, 67.677, -818.990, 0.104, 0.010, 16.753, 18.829
30.637, 51.024, -60.231, 725.663, 0.075, 0.010, 17.042, 20.988, 30.797, 44.973, 60.373, -730.445, 0.075, 0.010, 17.201, 18.869
31.142, 50.483, -54.162, 606.827, 0.052, 0.010, 17.546, 21.020, 31.252, 45.515, 54.268, -610.464, 0.052, 0.010, 17.656, 18.898
31.641, 49.989, -49.389, 477.331, 0.033, 0.010, 18.045, 21.041, 31.712, 46.010, 49.467, -480.079, 0.033, 0.010, 18.115, 18.917
32.137, 49.529, -45.929, 346.036, 0.019, 0.010, 18.540, 21.053, 32.177, 46.470, 45.986, -348.140, 0.019, 0.010, 18.580, 18.929
32.628, 49.092, -43.786, 214.294, 0.008, 0.010, 19.031, 21.060, 32.646, 46.908, 43.826, -215.956, 0.008, 0.010, 19.049, 18.935
33.114, 48.662, -43.000, 78.560, 0.002, 0.010, 19.518, 21.062, 33.119, 47.338, 43.027, -79.955, 0.002, 0.010, 19.522, 18.937
33.597, 48.225, -43.686, -68.580, 6.283, 0.010, 20.000, 21.063, 33.597, 47.775, 43.700, 67.280, 6.283, 0.010, 20.000, 18.938
34.077, 48.049, -17.582, 2610.367, 6.283, 0.010, 20.481, 21.062, 34.076, 47.951, 17.584, -2611.557, 6.283, 0.010, 20.480, 18.937
34.558, 48.144, 9.506, 2708.842, 6.281, 0.010, 20.962, 21.062, 34.555, 47.856, -9.507, -2709.088, 6.281, 0.010, 20.958, 18.937
35.041, 48.235, 9.127, -37.878, 6.279, 0.010, 21.444, 21.061, 35.032, 47.765, -9.129, 37.820, 6.279, 0.010, 21.436, 18.936
35.524, 48.323, 8.777, -35.068, 6.276, 0.010, 21.928, 21.058, 35.509, 47.677, -8.778, 35.017, 6.276, 0.010, 21.913, 18.933
36.008, 48.407, 8.450, -32.678, 6.272, 0.010, 22.412, 21.054, 35.985, 47.592, -8.452, 32.633, 6.272, 0.010, 22.388, 18.929
36.493, 48.489, 8.143, -30.689, 6.268, 0.010, 22.896, 21.047, 36.460, 47.511, -8.146, 30.650, 6.268, 0.010, 22.864, 18.922
36.979, 48.567, 7.852, -29.082, 6.262, 0.010, 23.382, 21.038, 36.935, 47.432, -7.855, 29.047, 6.262, 0.010, 23.338, 18.914
37.465, 48.643, 7.574, -27.837, 6.256, 0.010, 23.868, 21.027, 37.408, 47.357, -7.577, 27.807, 6.256, 0.010, 23.811, 18.903
37.952, 48.716, 7.304, -26.937, 6.250, 0.010, 24.355, 21.012, 37.881, 47.284, -7.308, 26.909, 6.250, 0.010, 24.284, 18.888
38.440, 48.787, 7.041, -26.360, 6.242, 0.010, 24.843, 20.994, 38.353, 47.213, -7.045, 26.338, 6.242, 0.010, 24.756, 18.871
38.929, 48.854, 6.780, -26.090, 6.234, 0.010, 25.331, 20.972, 38.825, 47.145, -6.784, 26.070, 6.234, 0.010, 25.227, 18.849
39.418, 48.920, 6.519, -26.104, 6.225, 0.010, 25.819, 20.946, 39.295, 47.080, -6.523, 26.089, 6.225, 0.010, 25.697, 18.824
39.908, 48.982, 6.255, -26.383, 6.216, 0.010, 26.308, 20.915, 39.766, 47.017, -6.259, 26.371, 6.216, 0.010, 26.166, 18.795
40.398, 49.042, 5.986, -26.901, 6.206, 0.010, 26.797, 20.880, 40.235, 46.958, -5.990, 26.895, 6.206, 0.010, 26.634, 18.761
40.889, 49.099, 5.710, -27.638, 6.196, 0.010, 27.287, 20.840, 40.704, 46.900, -5.714, 27.633, 6.196, 0.010, 27.102, 18.723
41.381, 49.153, 5.424, -28.560, 6.185, 0.010, 27.776, 20.795, 41.173, 46.846, -5.428, 28.561, 6.185, 0.010, 27.568, 18.680
41.873, 49.205, 5.128, -29.641, 6.174, 0.010, 28.266, 20.744, 41.641, 46.795, -5.132, 29.646, 6.174, 0.010, 28.034, 18.631
42.365, 49.253, 4.819, -30.848, 6.162, 0.010, 28.755, 20.687, 42.108, 46.747, -4.823, 30.857, 6.162, 0.010, 28.498, 18.578
42.858, 49.298, 4.498, -32.146, 6.150, 0.010, 29.244, 20.624, 42.575, 46.702, -4.502, 32.158, 6.150, 0.010, 28.961, 18.518
43.352, 49.339, 4.163, -33.495, 6.137, 0.010, 29.732, 20.556, 43.042, 46.660, -4.167, 33.514, 6.137, 0.010, 29.423, 18.453
43.845, 49.378, 3.814, -34.861, 6.124, 0.010, 30.221, 20.481, 43.508, 46.622, -3.818, 34.882, 6.124, 0.010, 29.884, 18.383
44.340, 49.412, 3.452, -36.199, 6.111, 0.010, 30.708, 20.399, 43.974, 46.587, -3.456, 36.225, 6.111, 0.010, 30.344, 18.306
44.834, 49.443, 3.077, -37.471, 6.097, 0.010, 31.194, 20.311, 44.439, 46.556, -3.081, 37.501, 6.097, 0.010, 30.802, 18.223
45.329, 49.470, 2.691, -38.638, 6.084, 0.010, 31.680, 20.217, 44.905, 46.529, -2.694, 38.671, 6.084, 0.010, 31.258, 18.134
45.824, 49.493, 2.294, -39.661, 6.069, 0.010, 32.164, 20.115, 45.370, 46.506, -2.297, 39.698, 6.069, 0.010, 31.714, 18.038
46.319, 49.512, 1.889, -40.505, 6.055, 0.010, 32.647, 20.007, 45.835, 46.488, -1.891, 40.545, 6.055, 0.010, 32.167, 17.937
46.814, 49.526, 1.478, -41.140, 6.041, 0.010, 33.129, 19.891, 46.299, 46.473, -1.480, 41.182, 6.041, 0.010, 32.619, 17.828
47.309, 49.537, 1.063, -41.540, 6.026, 0.010, 33.609, 19.769, 46.764, 46.462, -1.064, 41.584, 6.026, 0.010, 33.069, 17.714
47.805, 49.543, 0.646, -41.685, 6.012, 0.010, 34.087, 19.640, 47.228, 46.456, -0.646, 41.730, 6.012, 0.010, 33.518, 17.592
48.300, 49.546, 0.230, -41.561, 5.997, 0.010, 34.564, 19.503, 47.693, 46.453, -0.230, 41.607, 5.997, 0.010, 33.965, 17.465
48.796, 49.544, -0.181, -41.164, 5.983, 0.010, 35.038, 19.360, 48.158, 46.455, 0.182, 41.209, 5.983, 0.010, 34.409, 17.330
49.291, 49.538, -0.586, -40.492, 5.968, 0.010, 35.510, 19.210, 48.622, 46.461, 0.587, 40.537, 5.968, 0.010, 34.852, 17.190
49.786, 49.528, -0.982, -39.555, 5.954, 0.010, 35.980, 19.053, 49.087, 46.471, 0.983, 39.598, 5.954, 0.010, 35.293, 17.043
50.281, 49.515, -1.366, -38.367, 5.940, 0.010, 36.447, 18.890, 49.552, 46.485, 1.367, 38.408, 5.940, 0.010, 35.732, 16.889
50.776, 49.497, -1.735, -36.949, 5.926, 0.010, 36.912, 18.720, 50.017, 46.502, 1.737, 36.987, 5.926, 0.010, 36.168, 16.729
51.271, 49.476, -2.088, -35.326, 5.912, 0.010, 37.374, 18.544, 50.482, 46.523, 2.091, 35.360, 5.912, 0.010, 36.603, 16.563
51.766, 49.452, -2.424, -33.526, 5.898, 0.010, 37.834, 18.361, 50.947, 46.547, 2.426, 33.558, 5.898, 0.010, 37.036, 16.392
52.260, 49.425, -2.739, -31.584, 5.885, 0.010, 38.291, 18.172, 51.413, 46.575, 2.742, 31.611, 5.885, 0.010, 37.466, 16.214
52.754, 49.394, -3.035, -29.531, 5.871, 0.010, 38.745, 17.977, 51.879, 46.605, 3.038, 29.555, 5.871, 0.010, 37.894, 16.030
53.248, 49.361, -3.309, -27.403, 5.859, 0.010, 39.196, 17.777, 52.346, 46.638, 3.312, 27.423, 5.859, 0.010, 38.321, 15.841
53.741, 49.326, -3.561, -25.233, 5.846, 0.010, 39.644, 17.571, 52.812, 46.674, 3.565, 25.249, 5.846, 0.010, 38.745, 15.646
54.234, 49.288, -3.792, -23.053, 5.834, 0.010, 40.089, 17.360, 53.279, 46.712, 3.795, 23.065, 5.834, 0.010, 39.167, 15.445
54.726, 49.248, -4.001, -20.892, 5.822, 0.010, 40.532, 17.143, 53.747, 46.752, 4.004, 20.900, 5.822, 0.010, 39.587, 15.240
55.218, 49.206, -4.188, -18.777, 5.811, 0.010, 40.971, 16.922, 54.215, 46.794, 4.192, 18.782, 5.811, 0.010, 40.004, 15.029
55.710, 49.162, -4.356, -16.732, 5.800, 0.010, 41.408, 16.696, 54.683, 46.837, 4.359, 16.733, 5.800, 0.010, 40.420, 14.814
56.201, 49.117, -4.503, -14.775, 5.789, 0.010, 41.841, 16.465, 55.152, 46.882, 4.507, 14.774, 5.789, 0.010, 40.834, 14.594
56.692, 49.071, -4.633, -12.925, 5.779, 0.010, 42.272, 16.230, 55.621, 46.929, 4.636, 12.920, 5.779, 0.010, 41.246, 14.370
57.182, 49.024, -4.745, -11.192, 5.770, 0.010, 42.700, 15.992, 56.091, 46.976, 4.748, 11.185, 5.770, 0.010, 41.657, 14.141
57.672, 48.975, -4.840, -9.586, 5.761, 0.010, 43.126, 15.749, 56.561, 47.025, 4.844, 9.576, 5.761, 0.010, 42.065, 13.908
58.161, 48.926, -4.922, -8.112, 5.752, 0.010, 43.549, 15.503, 57.032, 47.074, 4.925, 8.101, 5.752, 0.010, 42.472, 13.671
58.650, 48.876, -4.989, -6.774, 5.744, 0.010, 43.969, 15.254, 57.503, 47.124, 4.993, 6.761, 5.744, 0.010, 42.877, 13.431
59.138, 48.826, -5.045, -5.572, 5.736, 0.010, 44.387, 15.001, 57.975, 47.174, 5.048, 5.557, 5.736, 0.010, 43.281, 13.187
59.626, 48.775, -5.090, -4.503, 5.729, 0.010, 44.803, 14.746, 58.447, 47.225, 5.093, 4.488, 5.729, 0.010, 43.684, 12.939
60.113, 48.723, -5.126, -3.565, 5.722, 0.010, 45.216, 14.488, 58.920, 47.276, 5.128, 3.548, 5.722, 0.010, 44.085, 12.689
60.600, 48.672, -5.153, -2.752, 5.715, 0.010, 45.627, 14.227, 59.393, 47.328, 5.156, 2.734, 5.715, 0.010, 44.484, 12.436
61.086, 48.620, -5.174, -2.057, 5.710, 0.010, 46.036, 13.965, 59.867, 47.380, 5.176, 2.039, 5.710, 0.010, 44.883, 12.180
61.572, 48.568, -5.189, -1.473, 5.704, 0.010, 46.444, 13.700, 60.341, 47.432, 5.191, 1.455, 5.704, 0.010, 45.281, 11.921
62.057, 48.516, -5.198, -0.993, 5.699, 0.010, 46.849, 13.434, 60.816, 47.484, 5.200, 0.974, 5.699, 0.010, 45.678, 11.661
62.541, 48.464, -5.205, -0.607, 5.695, 0.010, 47.253, 13.166, 61.292, 47.536, 5.206, 0.589, 5.695, 0.010, 46.074, 11.398
63.025, 48.412, -5.208, -0.308, 5.691, 0.010, 47.655, 12.896, 61.768, 47.588, 5.209, 0.288, 5.691, 0.010, 46.469, 11.133
63.509, 48.360, -5.208, -0.085, 5.688, 0.010, 48.056, 12.626, 62.244, 47.640, 5.210, 0.066, 5.688, 0.010, 46.864, 10.866
63.992, 48.308, -5.208, 0.070, 5.685, 0.010, 48.455, 12.354, 62.721, 47.692, 5.209, -0.089, 5.685, 0.010, 47.258, 10.598
64.475, 48.256, -5.206, 0.165, 5.682, 0.010, 48.854, 12.082, 63.198, 47.744, 5.207, -0.184, 5.682, 0.010, 47.652, 10.329
64.957, 48.204, -5.204, 0.210, 5.681, 0.010, 49.251, 11.809, 63.676, 47.796, 5.205, -0.230, 5.681, 0.010, 48.046, 10.058
65.438, 48.152, -5.202, 0.214, 5.679, 0.010, 49.648, 11.536, 64.155, 47.848, 5.203, -0.233, 5.679, 0.010, 48.440, 9.787
65.919, 48.100, -5.200, 0.185, 5.678, 0.010, 50.043, 11.262, 64.634, 47.900, 5.200, -0.204, 5.678, 0.010, 48.835, 9.514
66.400, 48.048, -5.199, 0.131, 5.678, 0.010, 50.438, 10.989, 65.113, 47.952, 5.199, -0.150, 5.678, 0.010, 49.229, 9.242
66.880, 47.996, -5.198, 0.062, 5.678, 0.010, 50.833, 10.716, 65.593, 48.004, 5.198, -0.081, 5.678, 0.010, 49.624, 8.968
67.359, 47.944, -5.198, -0.016, 5.678, 0.010, 51.227, 10.443, 66.074, 48.056, 5.198, -0.003, 5.678, 0.010, 50.019, 8.695
67.838, 47.892, -5.199, -0.092, 5.679, 0.010, 51.621, 10.171, 66.555, 48.108, 5.199, 0.073, 5.679, 0.010, 50.415, 8.422
68.316, 47.840, -5.201, -0.160, 5.681, 0.010, 52.015, 9.899, 67.037, 48.160, 5.200, 0.141, 5.681, 0.010, 50.811, 8.148
68.794, 47.788, -5.203, -0.210, 5.683, 0.010, 52.409, 9.629, 67.519, 48.212, 5.202, 0.191, 5.683, 0.010, 51.209, 7.876
69.272, 47.736, -5.205, -0.235, 5.685, 0.010, 52.804, 9.360, 68.001, 48.264, 5.204, 0.216, 5.685, 0.010, 51.607, 7.603
69.749, 47.684, -5.207, -0.225, 5.688, 0.010, 53.198, 9.092, 68.484, 48.316, 5.206, 0.206, 5.688, 0.010, 52.007, 7.332
70.225, 47.632, -5.209, -0.173, 5.692, 0.010, 53.593, 8.825, 68.968, 48.368, 5.208, 0.154, 5.692, 0.010, 52.408, 7.061
70.701, 47.580, -5.210, -0.069, 5.696, 0.010, 53.988, 8.561, 69.452, 48.420, 5.208, 0.050, 5.696, 0.010, 52.811, 6.792
71.176, 47.528, -5.209, 0.096, 5.700, 0.010, 54.385, 8.298, 69.937, 48.472, 5.207, -0.115, 5.700, 0.010, 53.215, 6.524
71.651, 47.475, -5.206, 0.330, 5.705, 0.010, 54.782, 8.038, 70.422, 48.524, 5.204, -0.350, 5.705, 0.010, 53.620, 6.258
72.125, 47.423, -5.199, 0.643, 5.710, 0.010, 55.179, 7.780, 70.908, 48.576, 5.197, -0.662, 5.710, 0.010, 54.028, 5.994
72.599, 47.372, -5.189, 1.043, 5.716, 0.010, 55.578, 7.524, 71.394, 48.628, 5.187, -1.062, 5.716, 0.010, 54.437, 5.732
73.072, 47.320, -5.173, 1.539, 5.723, 0.010, 55.978, 7.271, 71.881, 48.680, 5.171, -1.558, 5.723, 0.010, 54.849, 5.471
73.545, 47.268, -5.152, 2.140, 5.730, 0.010, 56.379, 7.022, 72.369, 48.731, 5.149, -2.158, 5.730, 0.010, 55.262, 5.214
74.017, 47.217, -5.123, 2.854, 5.737, 0.010, 56.782, 6.775, 72.856, 48.783, 5.121, -2.871, 5.737, 0.010, 55.678, 4.959
74.488, 47.166, -5.087, 3.687, 5.745, 0.010, 57.186, 6.531, 73.345, 48.834, 5.084, -3.703, 5.745, 0.010, 56.097, 4.707
74.960, 47.116, -5.040, 4.646, 5.753, 0.010, 57.592, 6.292, 73.834, 48.884, 5.037, -4.662, 5.753, 0.010, 56.517, 4.458
75.430, 47.066, -4.983, 5.737, 5.762, 0.010, 57.999, 6.055, 74.323, 48.934, 4.980, -5.751, 5.762, 0.010, 56.941, 4.212
75.900, 47.017, -4.913, 6.962, 5.771, 0.010, 58.407, 5.823, 74.813, 48.983, 4.910, -6.975, 5.771, 0.010, 57.366, 3.971
76.370, 46.969, -4.830, 8.323, 5.781, 0.010, 58.818, 5.595, 75.303, 49.031, 4.826, -8.334, 5.781, 0.010, 57.795, 3.732
76.839, 46.921, -4.732, 9.820, 5.791, 0.010, 59.230, 5.371, 75.794, 49.078, 4.728, -9.829, 5.791, 0.010, 58.226, 3.498
77.308, 46.875, -4.617, 11.448, 5.802, 0.010, 59.645, 5.152, 76.285, 49.124, 4.614, -11.456, 5.802, 0.010, 58.661, 3.269
77.776, 46.830, -4.485, 13.204, 5.813, 0.010, 60.061, 4.937, 76.777, 49.169, 4.482, -13.207, 5.813, 0.010, 59.098, 3.043
78.244, 46.787, -4.334, 15.074, 5.824, 0.010, 60.479, 4.728, 77.269, 49.213, 4.331, -15.076, 5.824, 0.010, 59.538, 2.823
78.712, 46.745, -4.164, 17.049, 5.836, 0.010, 60.899, 4.523, 77.761, 49.254, 4.160, -17.047, 5.836, 0.010, 59.980, 2.607
79.179, 46.706, -3.973, 19.110, 5.848, 0.010, 61.322, 4.323, 78.254, 49.294, 3.969, -19.105, 5.848, 0.010, 60.426, 2.396
79.645, 46.668, -3.760, 21.238, 5.861, 0.010, 61.746, 4.129, 78.748, 49.331, 3.757, -21.228, 5.861, 0.010, 60.875, 2.191
80.112, 46.633, -3.526, 23.406, 5.873, 0.010, 62.173, 3.941, 79.241, 49.367, 3.523, -23.395, 5.873, 0.010, 61.326, 1.992
80.578, 46.600, -3.270, 25.592, 5.887, 0.010, 62.601, 3.758, 79.735, 49.399, 3.267, -25.575, 5.887, 0.010, 61.781, 1.798
81.043, 46.570, -2.993, 27.761, 5.900, 0.010, 63.032, 3.581, 80.230, 49.429, 2.990, -27.741, 5.900, 0.010, 62.238, 1.610
81.509, 46.543, -2.694, 29.884, 5.914, 0.010, 63.465, 3.410, 80.724, 49.456, 2.691, -29.859, 5.914, 0.010, 62.698, 1.428
81.974, 46.519, -2.375, 31.925, 5.928, 0.010, 63.900, 3.245, 81.219, 49.480, 2.372, -31.897, 5.928, 0.010, 63.161, 1.253
82.439, 46.499, -2.036, 33.851, 5.942, 0.010, 64.337, 3.086, 81.714, 49.500, 2.034, -33.819, 5.942, 0.010, 63.626, 1.084
82.904, 46.482, -1.680, 35.628, 5.956, 0.010, 64.776, 2.934, 82.209, 49.517, 1.678, -35.593, 5.956, 0.010, 64.094, 0.922
83.369, 46.469, -1.308, 37.224, 5.971, 0.010, 65.217, 2.788, 82.704, 49.530, 1.306, -37.186, 5.971, 0.010, 64.564, 0.766
83.833, 46.460, -0.922, 38.611, 5.985, 0.010, 65.660, 2.648, 83.200, 49.539, 0.921, -38.570, 5.985, 0.010, 65.036, 0.617
84.298, 46.455, -0.524, 39.762, 6.000, 0.010, 66.105, 2.515, 83.695, 49.545, 0.523, -39.719, 6.000, 0.010, 65.511, 0.475
84.762, 46.453, -0.117, 40.660, 6.014, 0.010, 66.552, 2.388, 84.191, 49.546, 0.117, -40.615, 6.014, 0.010, 65.988, 0.340
85.227, 46.456, 0.295, 41.289, 6.029, 0.010, 67.001, 2.268, 84.686, 49.543, -0.295, -41.244, 6.029, 0.010, 66.466, 0.211
85.691, 46.464, 0.712, 41.644, 6.043, 0.010, 67.452, 2.154, 85.181, 49.536, -0.711, -41.599, 6.043, 0.010, 66.946, 0.090
86.156, 46.475, 1.129, 41.724, 6.057, 0.010, 67.904, 2.047, 85.677, 49.524, -1.128, -41.680, 6.057, 0.010, 67.428, -0.024
86.621, 46.490, 1.545, 41.537, 6.072, 0.010, 68.358, 1.946, 86.172, 49.509, -1.543, -41.494, 6.072, 0.010, 67.912, -0.131
87.086, 46.510, 1.956, 41.097, 6.086, 0.010, 68.813, 1.852, 86.667, 49.489, -1.953, -41.055, 6.086, 0.010, 68.396, -0.232
87.551, 46.533, 2.360, 40.425, 6.100, 0.010, 69.270, 1.764, 87.161, 49.466, -2.357, -40.386, 6.100, 0.010, 68.882, -0.326
88.017, 46.561, 2.755, 39.548, 6.113, 0.010, 69.728, 1.682, 87.656, 49.438, -2.752, -39.511, 6.113, 0.010, 69.369, -0.413
88.483, 46.592, 3.140, 38.496, 6.126, 0.010, 70.188, 1.606, 88.150, 49.407, -3.137, -38.463, 6.126, 0.010, 69.856, -0.493
88.949, 46.627, 3.513, 37.307, 6.139, 0.010, 70.649, 1.536, 88.644, 49.372, -3.510, -37.278, 6.139, 0.010, 70.344, -0.567
89.416, 46.666, 3.873, 36.018, 6.152, 0.010, 71.111, 1.472, 89.137, 49.333, -3.870, -35.992, 6.152, 0.010, 70.833, -0.635
89.883, 46.708, 4.220, 34.668, 6.164, 0.010, 71.575, 1.414, 89.630, 49.291, -4.216, -34.647, 6.164, 0.010, 71.322, -0.696
90.351, 46.754, 4.553, 33.298, 6.176, 0.010, 72.039, 1.361, 90.122, 49.245, -4.549, -33.283, 6.176, 0.010, 71.811, -0.752
90.819, 46.803, 4.873, 31.951, 6.187, 0.010, 72.505, 1.313, 90.614, 49.197, -4.868, -31.937, 6.187, 0.010, 72.301, -0.802
91.287, 46.854, 5.179, 30.660, 6.198, 0.010, 72.971, 1.271, 91.106, 49.145, -5.175, -30.652, 6.198, 0.010, 72.790, -0.847
91.756, 46.909, 5.474, 29.466, 6.208, 0.010, 73.439, 1.233, 91.597, 49.090, -5.470, -29.463, 6.208, 0.010, 73.279, -0.886
92.226, 46.967, 5.758, 28.404, 6.218, 0.010, 73.908, 1.200, 92.087, 49.033, -5.754, -28.404, 6.218, 0.010, 73.768, -0.920
92.696, 47.027, 6.033, 27.504, 6.227, 0.010, 74.377, 1.171, 92.577, 48.973, -6.029, -27.509, 6.227, 0.010, 74.257, -0.950
93.167, 47.090, 6.301, 26.798, 6.235, 0.010, 74.847, 1.147, 93.066, 48.910, -6.297, -26.805, 6.235, 0.010, 74.746, -0.976
93.639, 47.156, 6.564, 26.310, 6.243, 0.010, 75.318, 1.126, 93.554, 48.844, -6.560, -26.323, 6.243, 0.010, 75.234, -0.997
94.111, 47.224, 6.825, 26.068, 6.251, 0.010, 75.790, 1.109, 94.042, 48.776, -6.821, -26.084, 6.251, 0.010, 75.721, -1.015
94.584, 47.295, 7.086, 26.093, 6.257, 0.010, 76.263, 1.095, 94.529, 48.705, -7.082, -26.113, 6.257, 0.010, 76.208, -1.029
95.058, 47.368, 7.350, 26.407, 6.263, 0.010, 76.737, 1.085, 95.015, 48.631, -7.346, -26.430, 6.263, 0.010, 76.694, -1.040
95.532, 47.445, 7.620, 27.028, 6.268, 0.010, 77.211, 1.076, 95.501, 48.555, -7.617, -27.056, 6.268, 0.010, 77.180, -1.048
96.007, 47.524, 7.900, 27.978, 6.273, 0.010, 77.686, 1.071, 95.986, 48.476, -7.897, -28.010, 6.273, 0.010, 77.664, -1.054
96.483, 47.605, 8.193, 29.274, 6.277, 0.010, 78.162, 1.067, 96.470, 48.394, -8.190, -29.310, 6.277, 0.010, 78.148, -1.058
96.960, 47.691, 8.502, 30.935, 6.280, 0.010, 78.639, 1.064, 96.953, 48.309, -8.500, -30.976, 6.280, 0.010, 78.631, -1.061
97.438, 47.779, 8.832, 32.980, 6.282, 0.010, 79.117, 1.063, 97.435, 48.221, -8.830, -33.026, 6.282, 0.010, 79.114, -1.062
97.917, 47.871, 9.186, 35.428, 6.283, 0.010, 79.596, 1.063, 97.916, 48.129, -9.185, -35.480, 6.283, 0.010, 79.595, -1.062
98.396, 47.960, 8.886, -30.005, 0.000, 0.010, 80.075, 1.063, 98.397, 48.040, -8.885, 29.946, 0.000, 0.010, 80.075, -1.062
98.873, 47.706, -25.393, -3427.863, 0.003, 0.010, 80.552, 1.063, 98.879, 48.294, 25.390, 3427.494, 0.003, 0.010, 80.558, -1.062
99.346, 47.271, -43.489, -1809.646, 0.010, 0.010, 81.025, 1.066, 99.367, 48.729, 43.473, 1808.384, 0.010, 0.010, 81.045, -1.059
99.814, 46.840, -43.059, 43.028, 0.021, 0.010, 81.493, 1.073, 99.858, 49.159, 43.030, -44.333, 0.021, 0.010, 81.537, -1.052
100.278, 46.399, -44.077, -101.796, 0.036, 0.010, 81.957, 1.086, 100.354, 49.600, 44.034, 100.371, 0.036, 0.010, 82.033, -1.038
100.738, 45.935, -46.445, -236.803, 0.055, 0.010, 82.416, 1.106, 100.855, 50.064, 46.385, 235.084, 0.055, 0.010, 82.533, -1.015
101.192, 45.434, -50.133, -368.818, 0.079, 0.010, 82.869, 1.137, 101.361, 50.564, 50.051, 366.626, 0.079, 0.010, 83.037, -0.982
101.641, 44.882, -55.141, -500.750, 0.109, 0.010, 83.316, 1.178, 101.872, 51.114, 55.030, 497.882, 0.109, 0.010, 83.546, -0.934
102.084, 44.268, -61.444, -630.336, 0.144, 0.010, 83.755, 1.234, 102.389, 51.727, 61.295, 626.535, 0.144, 0.010, 84.060, -0.869
102.519, 43.579, -68.916, -747.169, 0.185, 0.010, 84.185, 1.305, 102.913, 52.414, 68.717, 742.185, 0.185, 0.010, 84.577, -0.784
102.947, 42.807, -77.193, -827.755, 0.234, 0.010, 84.604, 1.394, 103.445, 53.184, 76.931, 821.389, 0.234, 0.010, 85.097, -0.673
103.367, 41.952, -85.482, -828.905, 0.291, 0.010, 85.009, 1.502, 103.985, 54.035, 85.143, 821.171, 0.291, 0.010, 85.619, -0.533
103.777, 41.029, -92.307, -682.445, 0.357, 0.010, 85.398, 1.632, 104.535, 54.954, 91.882, 673.928, 0.357, 0.010, 86.140, -0.359
104.178, 40.076, -95.306, -299.923, 0.431, 0.010, 85.769, 1.786, 105.094, 55.902, 94.804, 292.213, 0.431, 0.010, 86.656, -0.145
104.570, 39.162, -91.337, 396.881, 0.514, 0.010, 86.117, 1.964, 105.662, 56.810, 90.796, -400.841, 0.514, 0.010, 87.162, 0.114
104.954, 38.390, -77.277, 1405.996, 0.604, 0.010, 86.443, 2.167, 106.238, 57.578, 76.773, -1402.292, 0.604, 0.010, 87.651, 0.419
105.332, 37.873, -51.706, 2557.118, 0.700, 0.010, 86.744, 2.397, 106.819, 58.091, 51.345, -2542.800, 0.700, 0.010, 88.112, 0.771
105.709, 37.705, -16.763, 3494.309, 0.796, 0.010, 87.020, 2.653, 107.401, 58.258, 16.642, -3470.299, 0.796, 0.010, 88.539, 1.167
106.088, 37.920, 21.526, 3828.914, 0.891, 0.010, 87.272, 2.937, 107.982, 58.044, -21.371, -3801.257, 0.891, 0.010, 88.925, 1.601
106.473, 38.476, 55.553, 3402.693, 0.981, 0.010, 87.500, 3.247, 108.557, 57.492, -55.168, -3379.668, 0.981, 0.010, 89.266, 2.064
106.866, 39.272, 79.679, 2412.587, 1.063, 0.010, 87.705, 3.582, 109.124, 56.701, -79.164, -2399.681, 1.063, 0.010, 89.562, 2.548
107.268, 40.195, 92.249, 1256.952, 1.136, 0.010, 87.887, 3.940, 109.682, 55.784, -91.709, -1254.472, 1.136, 0.010, 89.815, 3.045
107.679, 41.145, 94.991, 274.259, 1.200, 0.010, 88.048, 4.319, 110.230, 54.839, -94.499, -278.962, 1.200, 0.010, 90.029, 3.550
108.100, 42.056, 91.106, -388.547, 1.256, 0.010, 88.189, 4.715, 110.769, 53.932, -90.693, 380.530, 1.256, 0.010, 90.210, 4.058
108.529, 42.893, 83.664, -744.139, 1.304, 0.010, 88.312, 5.126, 111.300, 53.098, -83.337, 735.602, 1.304, 0.010, 90.362, 4.567
108.965, 43.642, 74.910, -875.446, 1.345, 0.010, 88.418, 5.550, 111.824, 52.352, -74.659, 867.825, 1.345, 0.010, 90.489, 5.075
109.408, 44.304, 66.208, -870.198, 1.380, 0.010, 88.509, 5.983, 112.341, 51.691, -66.019, 863.990, 1.380, 0.010, 90.595, 5.580
109.857, 44.886, 58.264, -794.422, 1.409, 0.010, 88.587, 6.425, 112.852, 51.110, -58.123, 789.595, 1.409, 0.010, 90.685, 6.084
110.311, 45.400, 51.367, -689.684, 1.434, 0.010, 88.655, 6.874, 113.358, 50.598, -51.263, 686.033, 1.434, 0.010, 90.760, 6.584
110.770, 45.856, 45.577, -578.999, 1.454, 0.010, 88.712, 7.329, 113.859, 50.143, -45.500, 576.269, 1.454, 0.010, 90.823, 7.081
111.232, 46.264, 40.842, -473.518, 1.470, 0.010, 88.762, 7.789, 114.356, 49.735, -40.786, 471.476, 1.470, 0.010, 90.877, 7.576
111.699, 46.635, 37.066, -377.564, 1.483, 0.010, 88.806, 8.253, 114.850, 49.364, -37.025, 376.023, 1.483, 0.010, 90.923, 8.067
112.168, 46.976, 34.148, -291.841, 1.493, 0.010, 88.845, 8.721, 115.340, 49.023, -34.119, 290.661, 1.493, 0.010, 90.963, 8.556
112.641, 47.296, 31.995, -215.287, 1.499, 0.010, 88.880, 9.193, 115.827, 48.704, -31.975, 214.357, 1.499, 0.010, 91.000, 9.042
113.117, 47.602, 30.534, -146.059, 1.503, 0.010, 88.913, 9.668, 116.311, 48.398, -30.522, 145.293, 1.503, 0.010, 91.033, 9.524
113.596, 47.899, 29.714, -82.022, 1.504, 0.010, 88.945, 10.146, 116.792, 48.101, -29.709, 81.356, 1.504, 0.010, 91.065, 10.004
114.078, 48.194, 29.504, -20.974, 1.502, 0.010, 88.977, 10.627, 117.270, 47.806, -29.505, 20.351, 1.502, 0.010, 91.097, 10.481
114.563, 48.493, 29.897, 39.294, 1.498, 0.010, 89.011, 11.110, 117.746, 47.507, -29.904, -39.925, 1.498, 0.010, 91.131, 10.955
115.051, 48.802, 30.907, 100.981, 1.490, 0.010, 89.049, 11.597, 118.218, 47.198, -30.921, -101.672, 1.490, 0.010, 91.167, 11.426
115.543, 49.128, 32.570, 166.291, 1.480, 0.010, 89.091, 12.086, 118.686, 46.872, -32.592, -167.099, 1.480, 0.010, 91.207, 11.893
116.037, 49.477, 34.944, 237.404, 1.466, 0.010, 89.139, 12.579, 119.151, 46.522, -34.976, -238.404, 1.466, 0.010, 91.252, 12.356
116.536, 49.858, 38.108, 316.377, 1.448, 0.010, 89.196, 13.074, 119.613, 46.141, -38.153, -317.656, 1.448, 0.010, 91.305, 12.814
117.039, 50.280, 42.156, 404.851, 1.427, 0.010, 89.262, 13.573, 120.070, 45.719, -42.218, -406.529, 1.427, 0.010, 91.365, 13.267
117.546, 50.752, 47.190, 503.433, 1.401, 0.010, 89.342, 14.074, 120.523, 45.246, -47.275, -505.672, 1.401, 0.010, 91.436, 13.714
118.059, 51.285, 53.295, 610.500, 1.370, 0.010, 89.436, 14.578, 120.970, 44.712, -53.410, -613.489, 1.370, 0.010, 91.518, 14.154
118.578, 51.889, 60.495, 719.958, 1.333, 0.010, 89.549, 15.084, 121.411, 44.105, -60.649, -723.952, 1.333, 0.010, 91.614, 14.584
119.104, 52.576, 68.671, 817.578, 1.290, 0.010, 89.683, 15.593, 121.845, 43.416, -68.877, -822.816, 1.290, 0.010, 91.725, 15.004
119.637, 53.350, 77.424, 875.357, 1.240, 0.010, 89.843, 16.102, 122.271, 42.639, -77.698, -882.027, 1.240, 0.010, 91.853, 15.411
120.179, 54.209, 85.872, 844.793, 1.181, 0.010, 90.034, 16.609, 122.689, 41.777, -86.225, -852.785, 1.181, 0.010, 92.000, 15.802
120.731, 55.133, 92.399, 652.636, 1.114, 0.010, 90.260, 17.112, 123.097, 40.849, -92.838, -661.223, 1.114, 0.010, 92.167, 16.174
121.291, 56.078, 94.491, 209.274, 1.038, 0.010, 90.526, 17.605, 123.496, 39.899, -95.004, -216.621, 1.038, 0.010, 92.357, 16.526
121.861, 56.968, 88.954, -553.786, 0.953, 0.010, 90.836, 18.084, 123.887, 39.004, -89.495, 550.897, 0.953, 0.010, 92.568, 16.853
122.438, 57.696, 72.877, -1607.661, 0.862, 0.010, 91.191, 18.538, 124.269, 38.270, -73.363, 1613.168, 0.862, 0.010, 92.804, 17.155
123.020, 58.151, 45.435, -2744.221, 0.766, 0.010, 91.590, 18.961, 124.647, 37.813, -45.757, 2760.574, 0.766, 0.010, 93.064, 17.430
123.602, 58.246, 9.561, -3587.414, 0.669, 0.010, 92.029, 19.344, 125.025, 37.716, -9.630, 3612.701, 0.669, 0.010, 93.348, 17.678
124.182, 57.964, -28.220, -3778.099, 0.575, 0.010, 92.500, 19.682, 125.405, 38.001, 28.425, 3805.499, 0.575, 0.010, 93.656, 17.899
124.755, 57.359, -60.498, -3227.796, 0.487, 0.010, 92.995, 19.972, 125.791, 38.610, 60.916, 3249.193, 0.487, 0.010, 93.990, 18.095
125.321, 56.535, -82.386, -2188.786, 0.407, 0.010, 93.505, 20.216, 126.185, 39.439, 82.913, 2199.637, 0.407, 0.010, 94.345, 18.265
125.877, 55.605, -93.000, -1061.356, 0.335, 0.010, 94.023, 20.418, 126.589, 40.374, 93.535, 1062.238, 0.335, 0.010, 94.722, 18.411
126.423, 54.660, -94.477, -147.676, 0.272, 0.010, 94.545, 20.581, 127.002, 41.324, 94.957, 142.146, 0.272, 0.010, 95.116, 18.534
126.961, 53.760, -90.051, 442.545, 0.218, 0.010, 95.066, 20.711, 127.424, 42.228, 90.449, -450.760, 0.218, 0.010, 95.526, 18.636
127.490, 52.934, -82.641, 740.985, 0.171, 0.010, 95.586, 20.813, 127.855, 43.058, 82.955, -749.370, 0.171, 0.010, 95.948, 18.719
128.012, 52.190, -74.308, 833.368, 0.132, 0.010, 96.102, 20.892, 128.293, 43.803, 74.548, -840.701, 0.132, 0.010, 96.381, 18.785
128.527, 51.528, -66.281, 802.618, 0.099, 0.010, 96.614, 20.951, 128.738, 44.468, 66.463, -808.541, 0.099, 0.010, 96.823, 18.836
129.037, 50.936, -59.197, 708.423, 0.071, 0.010, 97.121, 20.994, 129.188, 45.061, 59.333, -713.006, 0.071, 0.010, 97.272, 18.874
129.541, 50.402, -53.328, 586.906, 0.049, 0.010, 97.624, 21.024, 129.644, 45.596, 53.429, -590.387, 0.049, 0.010, 97.727, 18.901
130.040, 49.915, -48.760, 456.776, 0.030, 0.010, 98.123, 21.043, 130.105, 46.084, 48.835, -459.410, 0.030, 0.010, 98.188, 18.919
130.535, 49.460, -45.506, 325.470, 0.017, 0.010, 98.618, 21.055, 130.570, 46.539, 45.560, -327.491, 0.017, 0.010, 98.653, 18.930
131.025, 49.024, -43.571, 193.439, 0.007, 0.010, 99.108, 21.060, 131.040, 46.976, 43.610, -195.048, 0.007, 0.010, 99.123, 18.935
131.511, 48.594, -43.006, 56.505, 0.002, 0.010, 99.594, 21.062, 131.514, 47.406, 43.031, -57.875, 0.002, 0.010, 99.597, 18.937
131.992, 48.161, -43.251, -24.503, 6.283, 0.010, 100.075, 21.062, 131.993, 47.839, 43.263, 23.203, 6.283, 0.010, 100.075, 18.937
132.473, 48.064, -9.743, 3350.778, 6.283, 0.010, 100.556, 21.062, 132.472, 47.936, 9.744, -3351.860, 6.283, 0.010, 100.555, 18.937
132.955, 48.158, 9.445, 1918.816, 6.281, 0.010, 101.038, 21.062, 132.950, 47.841, -9.446, -1918.973, 6.281, 0.010, 101.033, 18.937
133.437, 48.249, 9.071, -37.409, 6.279, 0.010, 101.520, 21.060, 133.428, 47.751, -9.072, 37.352, 6.279, 0.010, 101.511, 18.935
133.920, 48.336, 8.724, -34.666, 6.276, 0.010, 102.003, 21.057, 133.904, 47.664, -8.726, 34.616, 6.276, 0.010, 101.987, 18.932
134.405, 48.420, 8.401, -32.341, 6.272, 0.010, 102.488, 21.053, 134.380, 47.579, -8.403, 32.296, 6.272, 0.010, 102.463, 18.928
134.890, 48.501, 8.096, -30.413, 6.267, 0.010, 102.973, 21.046, 134.855, 47.498, -8.099, 30.374, 6.267, 0.010, 102.938, 18.921
135.375, 48.579, 7.808, -28.863, 6.261, 0.010, 103.458, 21.037, 135.329, 47.420, -7.811, 28.830, 6.261, 0.010, 103.412, 18.912
135.862, 48.655, 7.531, -27.675, 6.255, 0.010, 103.945, 21.025, 135.803, 47.345, -7.534, 27.643, 6.255, 0.010, 103.885, 18.901
136.349, 48.727, 7.263, -26.825, 6.248, 0.010, 104.432, 21.009, 136.276, 47.272, -7.266, 26.800, 6.248, 0.010, 104.358, 18.886
136.837, 48.797, 7.000, -26.299, 6.241, 0.010, 104.919, 20.991, 136.748, 47.202, -7.004, 26.275, 6.241, 0.010, 104.829, 18.868
137.326, 48.865, 6.739, -26.073, 6.233, 0.010, 105.407, 20.968, 137.219, 47.135, -6.743, 26.056, 6.233, 0.010, 105.300, 18.846
137.815, 48.930, 6.478, -26.132, 6.224, 0.010, 105.896, 20.941, 137.690, 47.070, -6.482, 26.116, 6.224, 0.010, 105.770, 18.820
138.305, 48.992, 6.213, -26.449, 6.215, 0.010, 106.385, 20.910, 138.160, 47.008, -6.218, 26.438, 6.215, 0.010, 106.239, 18.790
138.796, 49.051, 5.943, -27.003, 6.205, 0.010, 106.874, 20.874, 138.629, 46.948, -5.948, 26.996, 6.205, 0.010, 106.708, 18.756
139.287, 49.108, 5.666, -27.770, 6.194, 0.010, 107.363, 20.833, 139.098, 46.892, -5.670, 27.767, 6.194, 0.010, 107.175, 18.717
139.778, 49.162, 5.378, -28.720, 6.183, 0.010, 107.853, 20.787, 139.567, 46.838, -5.383, 28.720, 6.183, 0.010, 107.641, 18.672
140.270, 49.212, 5.080, -29.823, 6.172, 0.010, 108.342, 20.735, 140.034, 46.787, -5.084, 29.828, 6.172, 0.010, 108.107, 18.623
140.763, 49.260, 4.770, -31.046, 6.160, 0.010, 108.831, 20.678, 140.502, 46.739, -4.774, 31.056, 6.160, 0.010, 108.571, 18.569
141.256, 49.305, 4.446, -32.355, 6.148, 0.010, 109.320, 20.614, 140.969, 46.695, -4.450, 32.368, 6.148, 0.010, 109.034, 18.509
141.750, 49.346, 4.109, -33.709, 6.135, 0.010, 109.809, 20.544, 141.435, 46.654, -4.113, 33.728, 6.135, 0.010, 109.496, 18.443
142.243, 49.383, 3.758, -35.073, 6.122, 0.010, 110.297, 20.468, 141.901, 46.616, -3.762, 35.095, 6.122, 0.010, 109.956, 18.371
142.738, 49.417, 3.394, -36.403, 6.109, 0.010, 110.784, 20.386, 142.367, 46.582, -3.398, 36.431, 6.109, 0.010, 110.416, 18.293
143.232, 49.447, 3.018, -37.662, 6.095, 0.010, 111.271, 20.297, 142.833, 46.552, -3.021, 37.692, 6.095, 0.010, 110.873, 18.209
143.727, 49.474, 2.630, -38.809, 6.081, 0.010, 111.756, 20.201, 143.298, 46.526, -2.632, 38.842, 6.081, 0.010, 111.330, 18.119
144.222, 49.496, 2.232, -39.805, 6.067, 0.010, 112.240, 20.098, 143.763, 46.503, -2.234, 39.843, 6.067, 0.010, 111.785, 18.023
144.717, 49.514, 1.825, -40.619, 6.053, 0.010, 112.723, 19.989, 144.228, 46.485, -1.827, 40.659, 6.053, 0.010, 112.238, 17.920
145.212, 49.528, 1.413, -41.219, 6.039, 0.010, 113.204, 19.873, 144.693, 46.471, -1.415, 41.261, 6.039, 0.010, 112.690, 17.811
145.708, 49.538, 0.997, -41.580, 6.024, 0.010, 113.684, 19.749, 145.157, 46.461, -0.998, 41.624, 6.024, 0.010, 113.140, 17.695
146.203, 49.544, 0.581, -41.683, 6.010, 0.010, 114.162, 19.619, 145.622, 46.455, -0.581, 41.728, 6.010, 0.010, 113.588, 17.573
146.698, 49.546, 0.165, -41.517, 5.995, 0.010, 114.638, 19.481, 146.086, 46.453, -0.166, 41.563, 5.995, 0.010, 114.034, 17.444
147.194, 49.543, -0.245, -41.076, 5.981, 0.010, 115.112, 19.337, 146.551, 46.456, 0.246, 41.122, 5.981, 0.010, 114.479, 17.309
147.689, 49.537, -0.649, -40.363, 5.966, 0.010, 115.584, 19.186, 147.016, 46.462, 0.650, 40.407, 5.966, 0.010, 114.921, 17.167
148.185, 49.526, -1.043, -39.385, 5.952, 0.010, 116.053, 19.028, 147.480, 46.473, 1.044, 39.428, 5.952, 0.010, 115.362, 17.019
148.680, 49.512, -1.425, -38.160, 5.937, 0.010, 116.520, 18.864, 147.945, 46.487, 1.426, 38.200, 5.937, 0.010, 115.800, 16.864
149.175, 49.494, -1.792, -36.708, 5.923, 0.010, 116.985, 18.693, 148.410, 46.505, 1.793, 36.745, 5.923, 0.010, 116.237, 16.704
149.669, 49.473, -2.142, -35.055, 5.910, 0.010, 117.447, 18.515, 148.875, 46.526, 2.144, 35.089, 5.910, 0.010, 116.671, 16.537
150.164, 49.448, -2.474, -33.231, 5.896, 0.010, 117.906, 18.332, 149.341, 46.551, 2.477, 33.262, 5.896, 0.010, 117.103, 16.364
150.658, 49.420, -2.787, -31.269, 5.883, 0.010, 118.362, 18.142, 149.807, 46.579, 2.790, 31.296, 5.883, 0.010, 117.533, 16.185
151.152, 49.389, -3.079, -29.202, 5.869, 0.010, 118.816, 17.946, 150.273, 46.610, 3.082, 29.225, 5.869, 0.010, 117.961, 16.001
151.645, 49.356, -3.350, -27.065, 5.857, 0.010, 119.266, 17.745, 150.739, 46.643, 3.353, 27.085, 5.857, 0.010, 118.387, 15.810
152.139, 49.320, -3.599, -24.892, 5.844, 0.010, 119.714, 17.538, 151.206, 46.679, 3.602, 24.907, 5.844, 0.010, 118.811, 15.615
152.631, 49.282, -3.826, -22.712, 5.832, 0.010, 120.159, 17.326, 151.673, 46.718, 3.829, 22.724, 5.832, 0.010, 119.233, 15.413
153.124, 49.241, -4.031, -20.557, 5.820, 0.010, 120.601, 17.109, 152.141, 46.758, 4.035, 20.565, 5.820, 0.010, 119.652, 15.207
153.616, 49.199, -4.216, -18.452, 5.809, 0.010, 121.040, 16.887, 152.609, 46.800, 4.220, 18.456, 5.809, 0.010, 120.070, 14.996
154.107, 49.155, -4.380, -16.419, 5.798, 0.010, 121.476, 16.660, 153.077, 46.844, 4.384, 16.420, 5.798, 0.010, 120.485, 14.780
154.599, 49.110, -4.525, -14.479, 5.788, 0.010, 121.909, 16.429, 153.546, 46.889, 4.529, 14.476, 5.788, 0.010, 120.899, 14.559
155.089, 49.064, -4.651, -12.645, 5.778, 0.010, 122.340, 16.193, 154.016, 46.936, 4.655, 12.641, 5.778, 0.010, 121.311, 14.334
155.579, 49.016, -4.761, -10.932, 5.768, 0.010, 122.767, 15.954, 154.485, 46.984, 4.764, 10.924, 5.768, 0.010, 121.721, 14.105
156.069, 48.967, -4.854, -9.345, 5.759, 0.010, 123.192, 15.711, 154.956, 47.032, 4.858, 9.337, 5.759, 0.010, 122.129, 13.871
156.558, 48.918, -4.933, -7.894, 5.751, 0.010, 123.615, 15.464, 155.427, 47.082, 4.936, 7.881, 5.751, 0.010, 122.536, 13.634
157.047, 48.868, -4.999, -6.576, 5.742, 0.010, 124.035, 15.214, 155.898, 47.132, 5.002, 6.563, 5.742, 0.010, 122.941, 13.393
157.535, 48.818, -5.053, -5.396, 5.735, 0.010, 124.452, 14.961, 156.370, 47.182, 5.056, 5.380, 5.735, 0.010, 123.344, 13.148
158.023, 48.767, -5.096, -4.347, 5.727, 0.010, 124.868, 14.706, 156.842, 47.233, 5.099, 4.332, 5.727, 0.010, 123.746, 12.900
158.510, 48.715, -5.131, -3.430, 5.721, 0.010, 125.281, 14.447, 157.315, 47.284, 5.133, 3.412, 5.721, 0.010, 124.147, 12.650
158.996, 48.664, -5.157, -2.635, 5.714, 0.010, 125.691, 14.186, 157.788, 47.336, 5.159, 2.618, 5.714, 0.010, 124.547, 12.396
159.483, 48.612, -5.176, -1.959, 5.709, 0.010, 126.100, 13.923, 158.262, 47.388, 5.179, 1.940, 5.709, 0.010, 124.945, 12.140
159.968, 48.560, -5.190, -1.391, 5.703, 0.010, 126.507, 13.658, 158.736, 47.440, 5.193, 1.373, 5.703, 0.010, 125.343, 11.881
160.453, 48.508, -5.200, -0.927, 5.699, 0.010, 126.912, 13.392, 159.211, 47.492, 5.202, 0.908, 5.699, 0.010, 125.740, 11.620
160.938, 48.456, -5.205, -0.555, 5.694, 0.010, 127.316, 13.123, 159.687, 47.544, 5.207, 0.536, 5.694, 0.010, 126.136, 11.356
161.422, 48.404, -5.208, -0.268, 5.691, 0.010, 127.718, 12.854, 160.163, 47.596, 5.209, 0.249, 5.691, 0.010, 126.531, 11.091
161.905, 48.352, -5.208, -0.057, 5.687, 0.010, 128.118, 12.583, 160.639, 47.648, 5.210, 0.037, 5.687, 0.010, 126.926, 10.824
162.388, 48.300, -5.208, 0.088, 5.684, 0.010, 128.518, 12.311, 161.116, 47.700, 5.209, -0.108, 5.684, 0.010, 127.320, 10.556
162.871, 48.248, -5.206, 0.175, 5.682, 0.010, 128.916, 12.039, 161.594, 47.752, 5.207, -0.194, 5.682, 0.010, 127.714, 10.287
163.353, 48.196, -5.204, 0.213, 5.680, 0.010, 129.313, 11.766, 162.072, 47.804, 5.204, -0.233, 5.680, 0.010, 128.108, 10.016
163.834, 48.144, -5.202, 0.211, 5.679, 0.010, 129.710, 11.493, 162.550, 47.856, 5.202, -0.231, 5.679, 0.010, 128.502, 9.744
164.315, 48.092, -5.200, 0.178, 5.678, 0.010, 130.105, 11.219, 163.029, 47.908, 5.200, -0.197, 5.678, 0.010, 128.896, 9.472
164.796, 48.040, -5.199, 0.121, 5.678, 0.010, 130.500, 10.946, 163.509, 47.960, 5.199, -0.140, 5.678, 0.010, 129.291, 9.199
165.275, 47.988, -5.198, 0.050, 5.678, 0.010, 130.895, 10.673, 163.989, 48.012, 5.198, -0.069, 5.678, 0.010, 129.685, 8.926
165.755, 47.936, -5.198, -0.028, 5.678, 0.010, 131.289, 10.400, 164.470, 48.064, 5.198, 0.009, 5.678, 0.010, 130.081, 8.652
166.234, 47.884, -5.199, -0.104, 5.679, 0.010, 131.683, 10.128, 164.951, 48.116, 5.199, 0.085, 5.679, 0.010, 130.477, 8.379
166.712, 47.832, -5.201, -0.169, 5.681, 0.010, 132.077, 9.857, 165.433, 48.168, 5.201, 0.150, 5.681, 0.010, 130.873, 8.106
167.190, 47.780, -5.203, -0.216, 5.683, 0.010, 132.471, 9.587, 165.915, 48.220, 5.203, 0.197, 5.683, 0.010, 131.271, 7.833
167.667, 47.728, -5.206, -0.236, 5.686, 0.010, 132.865, 9.318, 166.398, 48.272, 5.205, 0.217, 5.686, 0.010, 131.670, 7.561
168.144, 47.676, -5.208, -0.220, 5.689, 0.010, 133.260, 9.050, 166.881, 48.324, 5.207, 0.201, 5.689, 0.010, 132.070, 7.289
168.620, 47.624, -5.209, -0.160, 5.692, 0.010, 133.655, 8.784, 167.365, 48.376, 5.208, 0.141, 5.692, 0.010, 132.471, 7.019
169.096, 47.571, -5.210, -0.047, 5.696, 0.010, 134.050, 8.520, 167.849, 48.429, 5.208, 0.028, 5.696, 0.010, 132.874, 6.750
169.571, 47.519, -5.209, 0.128, 5.701, 0.010, 134.447, 8.257, 168.334, 48.481, 5.207, -0.147, 5.701, 0.010, 133.278, 6.483
170.046, 47.467, -5.205, 0.374, 5.706, 0.010, 134.844, 7.997, 168.819, 48.533, 5.203, -0.393, 5.706, 0.010, 133.684, 6.217
170.520, 47.415, -5.198, 0.700, 5.711, 0.010, 135.242, 7.740, 169.305, 48.585, 5.196, -0.719, 5.711, 0.010, 134.092, 5.953
170.993, 47.363, -5.187, 1.114, 5.717, 0.010, 135.641, 7.484, 169.791, 48.636, 5.184, -1.133, 5.717, 0.010, 134.502, 5.691
171.467, 47.312, -5.170, 1.627, 5.724, 0.010, 136.041, 7.232, 170.278, 48.688, 5.168, -1.645, 5.724, 0.010, 134.913, 5.431
171.939, 47.260, -5.148, 2.245, 5.731, 0.010, 136.442, 6.983, 170.765, 48.740, 5.145, -2.262, 5.731, 0.010, 135.327, 5.174
172.411, 47.209, -5.118, 2.976, 5.738, 0.010, 136.845, 6.736, 171.253, 48.791, 5.115, -2.994, 5.738, 0.010, 135.744, 4.919
172.883, 47.158, -5.080, 3.829, 5.746, 0.010, 137.249, 6.494, 171.742, 48.841, 5.077, -3.845, 5.746, 0.010, 136.162, 4.668
173.354, 47.108, -5.032, 4.808, 5.755, 0.010, 137.655, 6.254, 172.231, 48.892, 5.029, -4.824, 5.755, 0.010, 136.583, 4.419
173.824, 47.058, -4.973, 5.920, 5.763, 0.010, 138.063, 6.019, 172.720, 48.941, 4.969, -5.934, 5.763, 0.010, 137.007, 4.174
174.295, 47.009, -4.901, 7.167, 5.773, 0.010, 138.472, 5.787, 173.210, 48.990, 4.898, -7.178, 5.773, 0.010, 137.433, 3.933
174.764, 46.961, -4.816, 8.548, 5.783, 0.010, 138.883, 5.560, 173.700, 49.039, 4.812, -8.560, 5.783, 0.010, 137.862, 3.695
175.233, 46.914, -4.715, 10.067, 5.793, 0.010, 139.295, 5.337, 174.191, 49.086, 4.711, -10.075, 5.793, 0.010, 138.294, 3.462
175.702, 46.868, -4.598, 11.715, 5.803, 0.010, 139.710, 5.118, 174.683, 49.132, 4.594, -11.722, 5.803, 0.010, 138.729, 3.233
176.170, 46.823, -4.463, 13.489, 5.814, 0.010, 140.126, 4.904, 175.174, 49.176, 4.459, -13.493, 5.814, 0.010, 139.166, 3.008
176.638, 46.780, -4.309, 15.377, 5.826, 0.010, 140.545, 4.695, 175.667, 49.219, 4.305, -15.378, 5.826, 0.010, 139.607, 2.788
177.105, 46.739, -4.135, 17.367, 5.838, 0.010, 140.965, 4.491, 176.159, 49.261, 4.132, -17.364, 5.838, 0.010, 140.050, 2.574
177.572, 46.699, -3.941, 19.439, 5.850, 0.010, 141.388, 4.293, 176.652, 49.300, 3.937, -19.434, 5.850, 0.010, 140.496, 2.364
178.039, 46.662, -3.725, 21.575, 5.863, 0.010, 141.813, 4.099, 177.146, 49.337, 3.722, -21.565, 5.863, 0.010, 140.945, 2.160
178.505, 46.627, -3.488, 23.749, 5.876, 0.010, 142.240, 3.912, 177.639, 49.372, 3.484, -23.736, 5.876, 0.010, 141.397, 1.961
178.971, 46.595, -3.228, 25.933, 5.889, 0.010, 142.669, 3.730, 178.133, 49.404, 3.225, -25.916, 5.889, 0.010, 141.852, 1.768
179.437, 46.566, -2.947, 28.098, 5.902, 0.010, 143.100, 3.554, 178.628, 49.434, 2.944, -28.076, 5.902, 0.010, 142.310, 1.581
179.902, 46.539, -2.645, 30.210, 5.916, 0.010, 143.533, 3.384, 179.122, 49.460, 2.643, -30.185, 5.916, 0.010, 142.770, 1.400
180.367, 46.516, -2.323, 32.235, 5.930, 0.010, 143.968, 3.220, 179.617, 49.483, 2.321, -32.206, 5.930, 0.010, 143.233, 1.226
180.832, 46.496, -1.982, 34.140, 5.944, 0.010, 144.406, 3.062, 180.112, 49.503, 1.979, -34.107, 5.944, 0.010, 143.699, 1.058
181.297, 46.480, -1.623, 35.891, 5.958, 0.010, 144.845, 2.911, 180.607, 49.519, 1.621, -35.855, 5.958, 0.010, 144.167, 0.897
181.762, 46.467, -1.248, 37.456, 5.973, 0.010, 145.287, 2.766, 181.103, 49.532, 1.247, -37.417, 5.973, 0.010, 144.638, 0.742
182.226, 46.459, -0.860, 38.807, 5.987, 0.010, 145.730, 2.627, 181.598, 49.540, 0.859, -38.766, 5.987, 0.010, 145.110, 0.594
182.691, 46.454, -0.461, 39.920, 6.002, 0.010, 146.175, 2.495, 182.093, 49.545, 0.460, -39.877, 6.002, 0.010, 145.585, 0.453
183.156, 46.454, -0.053, 40.776, 6.016, 0.010, 146.623, 2.369, 182.589, 49.546, 0.053, -40.732, 6.016, 0.010, 146.062, 0.319
183.620, 46.457, 0.361, 41.363, 6.031, 0.010, 147.072, 2.250, 183.084, 49.542, -0.360, -41.318, 6.031, 0.010, 146.541, 0.192
184.085, 46.465, 0.777, 41.675, 6.045, 0.010, 147.522, 2.137, 183.580, 49.534, -0.776, -41.630, 6.045, 0.010, 147.022, 0.072
184.550, 46.477, 1.194, 41.712, 6.060, 0.010, 147.975, 2.031, 184.075, 49.522, -1.193, -41.668, 6.060, 0.010, 147.504, -0.041
185.014, 46.493, 1.609, 41.485, 6.074, 0.010, 148.429, 1.931, 184.570, 49.506, -1.608, -41.441, 6.074, 0.010, 147.987, -0.148
185.480, 46.513, 2.019, 41.007, 6.088, 0.010, 148.885, 1.838, 185.065, 49.486, -2.017, -40.965, 6.088, 0.010, 148.472, -0.247
185.945, 46.537, 2.422, 40.300, 6.102, 0.010, 149.342, 1.750, 185.559, 49.462, -2.420, -40.262, 6.102, 0.010, 148.958, -0.340
186.411, 46.566, 2.816, 39.393, 6.115, 0.010, 149.800, 1.669, 186.054, 49.434, -2.813, -39.358, 6.115, 0.010, 149.445, -0.426
186.877, 46.598, 3.199, 38.319, 6.128, 0.010, 150.260, 1.595, 186.548, 49.402, -3.196, -38.285, 6.128, 0.010, 149.932, -0.505
187.343, 46.633, 3.571, 37.110, 6.141, 0.010, 150.721, 1.526, 187.041, 49.366, -3.567, -37.082, 6.141, 0.010, 150.421, -0.578
187.810, 46.673, 3.929, 35.810, 6.154, 0.010, 151.184, 1.463, 187.535, 49.327, -3.925, -35.784, 6.154, 0.010, 150.909, -0.645
188.277, 46.715, 4.273, 34.454, 6.166, 0.010, 151.647, 1.405, 188.028, 49.284, -4.269, -34.434, 6.166, 0.010, 151.398, -0.705
188.744, 46.761, 4.604, 33.085, 6.177, 0.010, 152.112, 1.353, 188.520, 49.238, -4.600, -33.069, 6.177, 0.010, 151.888, -0.760
189.213, 46.811, 4.921, 31.743, 6.189, 0.010, 152.578, 1.306, 189.012, 49.189, -4.917, -31.731, 6.189, 0.010, 152.377, -0.809
189.681, 46.863, 5.226, 30.465, 6.199, 0.010, 153.045, 1.264, 189.503, 49.137, -5.222, -30.459, 6.199, 0.010, 152.867, -0.853
190.150, 46.918, 5.519, 29.291, 6.210, 0.010, 153.512, 1.228, 189.994, 49.082, -5.515, -29.287, 6.210, 0.010, 153.356, -0.892
190.620, 46.976, 5.802, 28.251, 6.219, 0.010, 153.981, 1.195, 190.484, 49.024, -5.797, -28.252, 6.219, 0.010, 153.845, -0.925
191.091, 47.037, 6.075, 27.380, 6.228, 0.010, 154.451, 1.167, 190.974, 48.963, -6.071, -27.385, 6.228, 0.010, 154.334, -0.954
191.562, 47.100, 6.342, 26.706, 6.237, 0.010, 154.921, 1.143, 191.463, 48.899, -6.338, -26.715, 6.237, 0.010, 154.822, -0.979
192.033, 47.166, 6.605, 26.256, 6.245, 0.010, 155.392, 1.123, 191.951, 48.833, -6.601, -26.268, 6.245, 0.010, 155.310, -1.000
192.506, 47.235, 6.865, 26.053, 6.252, 0.010, 155.864, 1.107, 192.439, 48.765, -6.862, -26.071, 6.252, 0.010, 155.797, -1.017
192.979, 47.306, 7.127, 26.123, 6.258, 0.010, 156.337, 1.094, 192.926, 48.694, -7.123, -26.143, 6.258, 0.010, 156.284, -1.031
193.452, 47.380, 7.392, 26.483, 6.264, 0.010, 156.811, 1.083, 193.412, 48.620, -7.388, -26.507, 6.264, 0.010, 156.770, -1.041
193.927, 47.457, 7.663, 27.155, 6.269, 0.010, 157.285, 1.075, 193.897, 48.543, -7.660, -27.183, 6.269, 0.010, 157.256, -1.049
194.402, 47.536, 7.945, 28.158, 6.274, 0.010, 157.761, 1.070, 194.382, 48.464, -7.942, -28.190, 6.274, 0.010, 157.740, -1.055
194.879, 47.619, 8.240, 29.509, 6.277, 0.010, 158.237, 1.066, 194.866, 48.381, -8.237, -29.546, 6.277, 0.010, 158.224, -1.059
195.356, 47.704, 8.552, 31.230, 6.280, 0.010, 158.714, 1.064, 195.349, 48.296, -8.550, -31.271, 6.280, 0.010, 158.707, -1.061
195.833, 47.793, 8.885, 33.336, 6.282, 0.010, 159.192, 1.063, 195.831, 48.207, -8.884, -33.383, 6.282, 0.010, 159.189, -1.062
196.312, 47.885, 9.244, 35.850, 6.283, 0.010, 159.671, 1.063, 196.312, 48.115, -9.243, -35.902, 6.283, 0.010, 159.670, -1.062
196.792, 47.976, 9.088, -15.621, 0.000, 0.010, 160.150, 1.063, 196.792, 48.024, -9.087, 15.561, 0.000, 0.010, 160.150, -1.062
197.272, 47.991, 1.458, -762.947, 0.000, 0.010, 160.630, 1.063, 197.272, 48.009, -1.458, 762.904, 0.000, 0.010, 160.630, -1.062
197.752, 47.980, -1.109, -256.722, 0.000, 0.010, 161.110, 1.063, 197.753, 48.020, 1.109, 256.720, 0.000, 0.010, 161.111, -1.062
198.231, 47.969, -1.097, 1.246, 0.001, 0.010, 161.590, 1.063, 198.233, 48.031, 1.096, -1.248, 0.001, 0.010, 161.591, -1.062
198.711, 47.958, -1.086, 1.050, 0.001, 0.010, 162.069, 1.063, 198.713, 48.042, 1.086, -1.049, 0.001, 0.010, 162.071, -1.062
199.191, 47.947, -1.077, 0.859, 0.001, 0.010, 162.549, 1.064, 199.194, 48.053, 1.077, -0.861, 0.001, 0.010, 162.552, -1.061
199.670, 47.936, -1.071, 0.677, 0.002, 0.010, 163.028, 1.065, 199.674, 48.064, 1.071, -0.677, 0.002, 0.010, 163.033, -1.060
200.149, 47.926, -1.066, 0.499, 0.003, 0.010, 163.507, 1.066, 200.155, 48.074, 1.066, -0.499, 0.003, 0.010, 163.513, -1.059
200.628, 47.915, -1.062, 0.325, 0.004, 0.010, 163.987, 1.067, 200.636, 48.085, 1.062, -0.327, 0.004, 0.010, 163.994, -1.058
201.107, 47.905, -1.061, 0.157, 0.004, 0.010, 164.466, 1.069, 201.117, 48.095, 1.061, -0.157, 0.004, 0.010, 164.475, -1.056
201.586, 47.894, -1.061, -0.009, 0.005, 0.010, 164.945, 1.072, 201.598, 48.106, 1.061, 0.008, 0.005, 0.010, 164.956, -1.053
202.065, 47.883, -1.063, -0.172, 0.007, 0.010, 165.423, 1.074, 202.079, 48.117, 1.063, 0.173, 0.007, 0.010, 165.437, -1.051
202.544, 47.873, -1.066, -0.336, 0.008, 0.010, 165.902, 1.078, 202.561, 48.127, 1.066, 0.332, 0.008, 0.010, 165.919, -1.047
203.022, 47.862, -1.071, -0.494, 0.009, 0.010, 166.381, 1.082, 203.042, 48.138, 1.071, 0.495, 0.009, 0.010, 166.400, -1.043
203.501, 47.851, -1.078, -0.655, 0.010, 0.010, 166.859, 1.087, 203.523, 48.149, 1.077, 0.653, 0.010, 0.010, 166.881, -1.038
203.979, 47.840, -1.086, -0.814, 0.012, 0.010, 167.338, 1.092, 204.005, 48.160, 1.086, 0.814, 0.012, 0.010, 167.363, -1.033
204.458, 47.829, -1.095, -0.974, 0.014, 0.010, 167.816, 1.098, 204.487, 48.171, 1.095, 0.976, 0.014, 0.010, 167.845, -1.027
204.936, 47.818, -1.107, -1.138, 0.015, 0.010, 168.294, 1.105, 204.969, 48.182, 1.107, 1.136, 0.015, 0.010, 168.326, -1.020
205.414, 47.807, -1.120, -1.302, 0.017, 0.010, 168.772, 1.113, 205.450, 48.193, 1.120, 1.299, 0.017, 0.010, 168.808, -1.012
205.892, 47.796, -1.134, -1.468, 0.019, 0.010, 169.250, 1.121, 205.932, 48.204, 1.134, 1.465, 0.019, 0.010, 169.290, -1.003
206.370, 47.784, -1.151, -1.632, 0.021, 0.010, 169.728, 1.131, 206.415, 48.216, 1.151, 1.640, 0.021, 0.010, 169.772, -0.994
206.847, 47.773, -1.169, -1.812, 0.023, 0.010, 170.205, 1.141, 206.897, 48.227, 1.169, 1.806, 0.023, 0.010, 170.254, -0.983
207.325, 47.761, -1.189, -1.987, 0.025, 0.010, 170.683, 1.153, 207.379, 48.239, 1.189, 1.985, 0.025, 0.010, 170.737, -0.971
207.803, 47.749, -1.210, -2.168, 0.028, 0.010, 171.160, 1.166, 207.862, 48.251, 1.210, 2.169, 0.028, 0.010, 171.219, -0.959
208.280, 47.736, -1.234, -2.357, 0.030, 0.010, 171.637, 1.179, 208.344, 48.264, 1.234, 2.355, 0.030, 0.010, 171.701, -0.945
208.757, 47.724, -1.260, -2.551, 0.033, 0.010, 172.114, 1.195, 208.827, 48.276, 1.259, 2.548, 0.033, 0.010, 172.184, -0.929
209.234, 47.711, -1.287, -2.750, 0.036, 0.010, 172.591, 1.211, 209.310, 48.289, 1.287, 2.750, 0.036, 0.010, 172.667, -0.913
209.711, 47.698, -1.317, -2.957, 0.038, 0.010, 173.068, 1.229, 209.793, 48.302, 1.316, 2.960, 0.038, 0.010, 173.149, -0.895
210.188, 47.684, -1.348, -3.181, 0.041, 0.010, 173.544, 1.248, 210.276, 48.316, 1.348, 3.168, 0.041, 0.010, 173.632, -0.876
210.665, 47.670, -1.382, -3.396, 0.045, 0.010, 174.020, 1.268, 210.760, 48.330, 1.382, 3.405, 0.045, 0.010, 174.115, -0.855
211.141, 47.656, -1.419, -3.641, 0.048, 0.010, 174.496, 1.290, 211.243, 48.344, 1.418, 3.631, 0.048, 0.010, 174.598, -0.833
211.618, 47.642, -1.458, -3.884, 0.051, 0.010, 174.972, 1.314, 211.727, 48.358, 1.457, 3.880, 0.051, 0.010, 175.081, -0.809
212.094, 47.627, -1.499, -4.135, 0.055, 0.010, 175.448, 1.339, 212.210, 48.373, 1.499, 4.145, 0.055, 0.010, 175.564, -0.783
212.570, 47.611, -1.543, -4.417, 0.058, 0.010, 175.923, 1.366, 212.694, 48.389, 1.543, 4.404, 0.058, 0.010, 176.047, -0.756
213.046, 47.595, -1.590, -4.696, 0.062, 0.010, 176.398, 1.394, 213.178, 48.405, 1.590, 4.694, 0.062, 0.010, 176.530, -0.727
213.522, 47.579, -1.640, -4.995, 0.066, 0.010, 176.873, 1.425, 213.662, 48.421, 1.640, 4.992, 0.066, 0.010, 177.013, -0.696
213.998, 47.562, -1.693, -5.310, 0.070, 0.010, 177.348, 1.457, 214.147, 48.438, 1.693, 5.307, 0.070, 0.010, 177.497, -0.663
214.473, 47.544, -1.750, -5.640, 0.074, 0.010, 177.822, 1.491, 214.631, 48.456, 1.749, 5.639, 0.074, 0.010, 177.980, -0.628
214.948, 47.526, -1.809, -5.990, 0.079, 0.010, 178.296, 1.528, 215.116, 48.474, 1.809, 5.988, 0.079, 0.010, 178.463, -0.591
215.423, 47.508, -1.873, -6.362, 0.084, 0.010, 178.769, 1.566, 215.601, 48.492, 1.872, 6.354, 0.084, 0.010, 178.947, -0.551
215.898, 47.488, -1.941, -6.754, 0.088, 0.010, 179.242, 1.607, 216.086, 48.512, 1.940, 6.742, 0.088, 0.010, 179.430, -0.510
216.373, 47.468, -2.012, -7.158, 0.093, 0.010, 179.715, 1.650, 216.572, 48.532, 2.012, 7.163, 0.093, 0.010, 179.913, -0.465
216.847, 47.447, -2.088, -7.603, 0.099, 0.010, 180.187, 1.696, 217.057, 48.553, 2.087, 7.590, 0.099, 0.010, 180.397, -0.419
217.322, 47.425, -2.169, -8.061, 0.104, 0.010, 180.659, 1.744, 217.543, 48.574, 2.168, 8.055, 0.104, 0.010, 180.880, -0.370
217.796, 47.403, -2.254, -8.545, 0.110, 0.010, 181.130, 1.794, 218.029, 48.597, 2.253, 8.548, 0.110, 0.010, 181.363, -0.318
218.269, 47.379, -2.345, -9.072, 0.115, 0.010, 181.601, 1.847, 218.515, 48.620, 2.344, 9.054, 0.115, 0.010, 181.846, -0.263
218.743, 47.355, -2.441, -9.614, 0.122, 0.010, 182.072, 1.903, 219.001, 48.645, 2.440, 9.606, 0.122, 0.010, 182.329, -0.206
219.216, 47.330, -2.543, -10.193, 0.128, 0.010, 182.541, 1.962, 219.488, 48.670, 2.542, 10.186, 0.128, 0.010, 182.812, -0.145
219.689, 47.303, -2.651, -10.803, 0.134, 0.010, 183.010, 2.024, 219.975, 48.697, 2.650, 10.802, 0.134, 0.010, 183.295, -0.082
220.162, 47.275, -2.766, -11.464, 0.141, 0.010, 183.478, 2.089, 220.462, 48.724, 2.764, 11.438, 0.141, 0.010, 183.777, -0.015
220.634, 47.247, -2.887, -12.138, 0.148, 0.010, 183.946, 2.157, 220.950, 48.753, 2.886, 12.135, 0.148, 0.010, 184.260, 0.055
221.107, 47.216, -3.016, -12.862, 0.156, 0.010, 184.413, 2.229, 221.438, 48.783, 3.014, 12.858, 0.156, 0.010, 184.742, 0.129
221.579, 47.185, -3.152, -13.640, 0.163, 0.010, 184.878, 2.304, 221.926, 48.815, 3.150, 13.606, 0.163, 0.010, 185.224, 0.207
222.050, 47.152, -3.296, -14.425, 0.171, 0.010, 185.343, 2.382, 222.414, 48.848, 3.295, 14.430, 0.171, 0.010, 185.706, 0.288
222.521, 47.117, -3.449, -15.290, 0.180, 0.010, 185.807, 2.464, 222.903, 48.882, 3.447, 15.257, 0.180, 0.010, 186.187, 0.374
222.992, 47.081, -3.611, -16.169, 0.188, 0.010, 186.270, 2.550, 223.392, 48.918, 3.609, 16.154, 0.188, 0.010, 186.668, 0.463
223.462, 47.044, -3.782, -17.101, 0.197, 0.010, 186.732, 2.641, 223.882, 48.956, 3.780, 17.081, 0.197, 0.010, 187.148, 0.557
223.932, 47.004, -3.963, -18.072, 0.207, 0.010, 187.192, 2.735, 224.372, 48.996, 3.960, 18.051, 0.207, 0.010, 187.628, 0.655
224.402, 46.962, -4.154, -19.083, 0.216, 0.010, 187.652, 2.833, 224.862, 49.037, 4.151, 19.055, 0.216, 0.010, 188.108, 0.758
224.871, 46.919, -4.355, -20.126, 0.227, 0.010, 188.109, 2.937, 225.353, 49.081, 4.352, 20.099, 0.227, 0.010, 188.587, 0.866
225.340, 46.873, -4.567, -21.202, 0.237, 0.010, 188.566, 3.044, 225.844, 49.126, 4.563, 21.170, 0.237, 0.010, 189.065, 0.979
225.808, 46.825, -4.790, -22.299, 0.248, 0.010, 189.020, 3.157, 226.336, 49.174, 4.786, 22.267, 0.248, 0.010, 189.542, 1.097
226.276, 46.775, -5.024, -23.412, 0.260, 0.010, 189.473, 3.274, 226.828, 49.224, 5.020, 23.375, 0.260, 0.010, 190.019, 1.221
226.743, 46.722, -5.269, -24.528, 0.272, 0.010, 189.924, 3.397, 227.321, 49.277, 5.265, 24.485, 0.272, 0.010, 190.494, 1.350
227.210, 46.667, -5.526, -25.626, 0.284, 0.010, 190.372, 3.525, 227.814, 49.332, 5.520, 25.587, 0.284, 0.010, 190.968, 1.485
227.676, 46.609, -5.792, -26.695, 0.297, 0.010, 190.819, 3.659, 228.308, 49.390, 5.787, 26.653, 0.297, 0.010, 191.442, 1.627
228.142, 46.548, -6.070, -27.718, 0.311, 0.010, 191.263, 3.798, 228.803, 49.451, 6.063, 27.650, 0.311, 0.010, 191.913, 1.775
228.606, 46.485, -6.356, -28.627, 0.325, 0.010, 191.705, 3.944, 229.298, 49.514, 6.349, 28.588, 0.325, 0.010, 192.384, 1.930
229.071, 46.418, -6.650, -29.443, 0.340, 0.010, 192.143, 4.095, 229.794, 49.581, 6.643, 29.370, 0.340, 0.010, 192.852, 2.092
229.534, 46.349, -6.951, -30.071, 0.356, 0.010, 192.579, 4.253, 230.290, 49.650, 6.943, 30.006, 0.356, 0.010, 193.319, 2.261
229.997, 46.276, -7.256, -30.484, 0.372, 0.010, 193.011, 4.418, 230.787, 49.723, 7.247, 30.415, 0.372, 0.010, 193.784, 2.438
230.459, 46.201, -7.562, -30.616, 0.389, 0.010, 193.440, 4.589, 231.285, 49.798, 7.553, 30.542, 0.389, 0.010, 194.246, 2.623
230.920, 46.122, -7.866, -30.399, 0.407, 0.010, 193.866, 4.768, 231.784, 49.877, 7.856, 30.309, 0.407, 0.010, 194.706, 2.816
231.380, 46.040, -8.163, -29.733, 0.425, 0.010, 194.287, 4.954, 232.284, 49.958, 8.152, 29.658, 0.425, 0.010, 195.163, 3.018
231.840, 45.956, -8.449, -28.555, 0.444, 0.010, 194.704, 5.147, 232.784, 50.043, 8.437, 28.466, 0.444, 0.010, 195.617, 3.229
232.299, 45.869, -8.716, -26.747, 0.464, 0.010, 195.116, 5.349, 233.286, 50.130, 8.703, 26.650, 0.464, 0.010, 196.067, 3.449
232.756, 45.779, -8.958, -24.197, 0.485, 0.010, 195.523, 5.558, 233.788, 50.219, 8.945, 24.109, 0.485, 0.010, 196.514, 3.678
233.213, 45.688, -9.166, -20.809, 0.507, 0.010, 195.925, 5.775, 234.291, 50.311, 9.152, 20.718, 0.507, 0.010, 196.957, 3.918
233.669, 45.594, -9.331, -16.467, 0.530, 0.010, 196.321, 6.001, 234.795, 50.404, 9.315, 16.375, 0.530, 0.010, 197.394, 4.167
234.124, 45.500, -9.442, -11.057, 0.553, 0.010, 196.711, 6.236, 235.300, 50.498, 9.425, 10.991, 0.553, 0.010, 197.827, 4.428
234.578, 45.405, -9.487, -4.533, 0.578, 0.010, 197.094, 6.479, 235.806, 50.593, 9.470, 4.444, 0.578, 0.010, 198.254, 4.699
235.031, 45.310, -9.455, 3.215, 0.603, 0.010, 197.471, 6.731, 236.313, 50.687, 9.437, -3.264, 0.603, 0.010, 198.676, 4.981
235.484, 45.217, -9.333, 12.160, 0.629, 0.010, 197.840, 6.992, 236.820, 50.780, 9.315, -12.197, 0.629, 0.010, 199.090, 5.274
235.935, 45.126, -9.111, 22.276, 0.656, 0.010, 198.201, 7.263, 237.329, 50.871, 9.092, -22.300, 0.656, 0.010, 199.497, 5.579
236.385, 45.038, -8.776, 33.472, 0.684, 0.010, 198.554, 7.542, 237.839, 50.959, 8.758, -33.455, 0.684, 0.010, 199.897, 5.895
236.835, 44.955, -8.320, 45.542, 0.713, 0.010, 198.899, 7.831, 238.349, 51.042, 8.303, -45.501, 0.713, 0.010, 200.288, 6.223
237.284, 44.878, -7.738, 58.233, 0.742, 0.010, 199.234, 8.130, 238.860, 51.119, 7.721, -58.153, 0.742, 0.010, 200.670, 6.563
237.732, 44.807, -7.026, 71.185, 0.772, 0.010, 199.560, 8.437, 239.372, 51.189, 7.011, -71.063, 0.772, 0.010, 201.042, 6.915
238.179, 44.745, -6.187, 83.962, 0.803, 0.010, 199.875, 8.754, 239.885, 51.251, 6.172, -83.807, 0.803, 0.010, 201.404, 7.278
238.626, 44.693, -5.226, 96.082, 0.834, 0.010, 200.181, 9.080, 240.398, 51.303, 5.214, -95.884, 0.834, 0.010, 201.754, 7.652
239.073, 44.652, -4.156, 107.016, 0.865, 0.010, 200.476, 9.416, 240.911, 51.344, 4.146, -106.781, 0.865, 0.010, 202.093, 8.038
239.519, 44.622, -2.993, 116.249, 0.897, 0.010, 200.760, 9.760, 241.425, 51.374, 2.986, -115.981, 0.897, 0.010, 202.420, 8.434
239.965, 44.604, -1.760, 123.309, 0.929, 0.010, 201.033, 10.113, 241.939, 51.392, 1.756, -123.021, 0.929, 0.010, 202.735, 8.841
240.411, 44.599, -0.482, 127.824, 0.961, 0.010, 201.294, 10.474, 242.453, 51.397, 0.481, -127.516, 0.961, 0.010, 203.036, 9.257
240.857, 44.607, 0.814, 129.536, 0.993, 0.010, 201.543, 10.844, 242.967, 51.389, -0.812, -129.225, 0.993, 0.010, 203.323, 9.683
241.303, 44.628, 2.097, 128.350, 1.025, 0.010, 201.781, 11.222, 243.480, 51.368, -2.092, -128.045, 1.025, 0.010, 203.597, 10.118
241.750, 44.662, 3.340, 124.330, 1.056, 0.010, 202.007, 11.607, 243.994, 51.334, -3.332, -124.038, 1.056, 0.010, 203.857, 10.560
242.197, 44.707, 4.517, 117.694, 1.087, 0.010, 202.221, 11.999, 244.507, 51.289, -4.507, -117.427, 1.087, 0.010, 204.102, 11.011
242.644, 44.763, 5.605, 108.797, 1.117, 0.010, 202.424, 12.399, 245.019, 51.233, -5.592, -108.563, 1.117, 0.010, 204.334, 11.468
243.093, 44.829, 6.586, 98.096, 1.147, 0.010, 202.614, 12.804, 245.531, 51.168, -6.571, -97.896, 1.147, 0.010, 204.551, 11.931
243.542, 44.903, 7.447, 86.097, 1.176, 0.010, 202.792, 13.216, 246.042, 51.093, -7.431, -85.940, 1.176, 0.010, 204.754, 12.400
243.992, 44.985, 8.181, 73.332, 1.205, 0.010, 202.959, 13.634, 246.552, 51.012, -8.163, -73.214, 1.205, 0.010, 204.944, 12.873
244.442, 45.073, 8.784, 60.301, 1.232, 0.010, 203.115, 14.057, 247.061, 50.924, -8.765, -60.223, 1.232, 0.010, 205.119, 13.351
244.894, 45.166, 9.258, 47.453, 1.259, 0.010, 203.259, 14.485, 247.569, 50.832, -9.239, -47.412, 1.259, 0.010, 205.282, 13.833
245.347, 45.262, 9.610, 35.162, 1.285, 0.010, 203.393, 14.918, 248.077, 50.736, -9.591, -35.155, 1.285, 0.010, 205.431, 14.318
245.800, 45.360, 9.847, 23.719, 1.309, 0.010, 203.515, 15.354, 248.583, 50.637, -9.828, -23.738, 1.309, 0.010, 205.568, 14.805
246.255, 45.460, 9.980, 13.322, 1.333, 0.010, 203.627, 15.795, 249.088, 50.538, -9.962, -13.368, 1.333, 0.010, 205.693, 15.295
246.710, 45.560, 10.021, 4.097, 1.356, 0.010, 203.729, 16.239, 249.593, 50.438, -10.003, -4.162, 1.356, 0.010, 205.806, 15.787
247.167, 45.660, 9.982, -3.905, 1.378, 0.010, 203.822, 16.686, 250.096, 50.338, -9.965, 3.829, 1.378, 0.010, 205.907, 16.280
247.625, 45.759, 9.875, -10.694, 1.399, 0.010, 203.904, 17.136, 250.598, 50.239, -9.859, 10.606, 1.399, 0.010, 205.998, 16.774
248.083, 45.856, 9.712, -16.314, 1.420, 0.010, 203.978, 17.589, 251.100, 50.143, -9.697, 16.222, 1.420, 0.010, 206.079, 17.269
248.543, 45.951, 9.503, -20.852, 1.439, 0.010, 204.043, 18.044, 251.600, 50.048, -9.489, 20.753, 1.439, 0.010, 206.149, 17.764
249.003, 46.043, 9.259, -24.399, 1.457, 0.010, 204.099, 18.501, 252.100, 49.955, -9.246, 24.304, 1.457, 0.010, 206.210, 18.260
249.464, 46.133, 8.989, -27.076, 1.475, 0.010, 204.147, 18.960, 252.599, 49.865, -8.977, 26.976, 1.475, 0.010, 206.263, 18.756
249.927, 46.220, 8.699, -28.984, 1.492, 0.010, 204.188, 19.420, 253.096, 49.779, -8.688, 28.891, 1.492, 0.010, 206.306, 19.252
250.390, 46.304, 8.396, -30.238, 1.508, 0.010, 204.221, 19.882, 253.593, 49.695, -8.386, 30.151, 1.508, 0.010, 206.341, 19.748
250.854, 46.385, 8.087, -30.947, 1.523, 0.010, 204.246, 20.345, 254.089, 49.614, -8.078, 30.857, 1.523, 0.010, 206.369, 20.243
251.318, 46.463, 7.775, -31.192, 1.537, 0.010, 204.265, 20.809, 254.585, 49.536, -7.766, 31.115, 1.537, 0.010, 206.389, 20.738
251.784, 46.538, 7.464, -31.071, 1.551, 0.010, 204.278, 21.274, 255.079, 49.462, -7.456, 30.995, 1.551, 0.010, 206.402, 21.232
252.250, 46.609, 7.158, -30.652, 1.564, 0.010, 204.284, 21.741, 255.573, 49.390, -7.151, 30.580, 1.564, 0.010, 206.409, 21.726
252.716, 46.678, 6.858, -29.997, 1.576, 0.010, 204.284, 22.207, 256.067, 49.322, -6.851, 29.937, 1.576, 0.010, 206.409, 22.219
253.184, 46.743, 6.566, -29.170, 1.588, 0.010, 204.279, 22.675, 256.559, 49.256, -6.560, 29.110, 1.588, 0.010, 206.403, 22.712
253.652, 46.806, 6.284, -28.209, 1.600, 0.010, 204.268, 23.143, 257.051, 49.193, -6.279, 28.154, 1.600, 0.010, 206.392, 23.204
254.121, 46.866, 6.013, -27.156, 1.610, 0.010, 204.252, 23.611, 257.542, 49.133, -6.008, 27.104, 1.610, 0.010, 206.375, 23.695
254.590, 46.924, 5.752, -26.037, 1.620, 0.010, 204.231, 24.080, 258.033, 49.076, -5.748, 25.998, 1.620, 0.010, 206.353, 24.185
255.060, 46.979, 5.503, -24.892, 1.630, 0.010, 204.205, 24.549, 258.523, 49.021, -5.499, 24.847, 1.630, 0.010, 206.327, 24.675
255.530, 47.032, 5.266, -23.726, 1.639, 0.010, 204.176, 25.018, 259.013, 48.968, -5.262, 23.687, 1.639, 0.010, 206.296, 25.163
256.001, 47.082, 5.040, -22.561, 1.648, 0.010, 204.141, 25.488, 259.502, 48.918, -5.037, 22.528, 1.648, 0.010, 206.260, 25.651
256.472, 47.130, 4.826, -21.412, 1.656, 0.010, 204.103, 25.958, 259.991, 48.869, -4.823, 21.382, 1.656, 0.010, 206.221, 26.138
256.944, 47.176, 4.623, -20.286, 1.664, 0.010, 204.061, 26.428, 260.479, 48.823, -4.621, 20.260, 1.664, 0.010, 206.177, 26.624
257.416, 47.221, 4.431, -19.196, 1.671, 0.010, 204.016, 26.898, 260.967, 48.779, -4.429, 19.166, 1.671, 0.010, 206.130, 27.110
257.889, 47.263, 4.250, -18.135, 1.678, 0.010, 203.967, 27.368, 261.454, 48.737, -4.248, 18.114, 1.678, 0.010, 206.080, 27.595
258.362, 47.304, 4.079, -17.118, 1.684, 0.010, 203.915, 27.838, 261.941, 48.696, -4.077, 17.098, 1.684, 0.010, 206.026, 28.079
258.835, 47.343, 3.917, -16.145, 1.691, 0.010, 203.860, 28.308, 262.428, 48.657, -3.916, 16.122, 1.691, 0.010, 205.969, 28.562
259.309, 47.381, 3.765, -15.211, 1.696, 0.010, 203.802, 28.778, 262.914, 48.619, -3.764, 15.194, 1.696, 0.010, 205.910, 29.045
259.783, 47.417, 3.622, -14.323, 1.702, 0.010, 203.741, 29.249, 263.400, 48.583, -3.621, 14.309, 1.702, 0.010, 205.848, 29.526
260.258, 47.452, 3.487, -13.480, 1.707, 0.010, 203.678, 29.719, 263.885, 48.548, -3.486, 13.466, 1.707, 0.010, 205.783, 30.007
260.733, 47.486, 3.361, -12.680, 1.712, 0.010, 203.612, 30.189, 264.370, 48.514, -3.359, 12.666, 1.712, 0.010, 205.716, 30.488
261.208, 47.518, 3.241, -11.921, 1.716, 0.010, 203.544, 30.659, 264.855, 48.482, -3.240, 11.909, 1.716, 0.010, 205.647, 30.968
261.683, 47.549, 3.129, -11.204, 1.721, 0.010, 203.474, 31.130, 265.340, 48.451, -3.128, 11.193, 1.721, 0.010, 205.575, 31.447
262.159, 47.580, 3.024, -10.526, 1.725, 0.010, 203.402, 31.600, 265.824, 48.420, -3.023, 10.516, 1.725, 0.010, 205.502, 31.926
262.635, 47.609, 2.925, -9.885, 1.728, 0.010, 203.328, 32.070, 266.308, 48.391, -2.924, 9.878, 1.728, 0.010, 205.427, 32.404
263.111, 47.637, 2.832, -9.284, 1.732, 0.010, 203.253, 32.541, 266.792, 48.363, -2.832, 9.272, 1.732, 0.010, 205.350, 32.881
263.588, 47.665, 2.745, -8.711, 1.735, 0.010, 203.175, 33.011, 267.275, 48.335, -2.744, 8.708, 1.735, 0.010, 205.272, 33.358
264.065, 47.691, 2.663, -8.179, 1.738, 0.010, 203.097, 33.481, 267.758, 48.309, -2.663, 8.169, 1.738, 0.010, 205.192, 33.835
264.542, 47.717, 2.587, -7.673, 1.740, 0.010, 203.017, 33.952, 268.241, 48.283, -2.586, 7.666, 1.740, 0.010, 205.111, 34.311
265.020, 47.742, 2.515, -7.198, 1.743, 0.010, 202.936, 34.422, 268.723, 48.258, -2.514, 7.193, 1.743, 0.010, 205.029, 34.786
265.497, 47.767, 2.447, -6.752, 1.745, 0.010, 202.853, 34.893, 269.206, 48.233, -2.447, 6.747, 1.745, 0.010, 204.946, 35.261
265.975, 47.791, 2.384, -6.333, 1.747, 0.010, 202.770, 35.363, 269.688, 48.209, -2.383, 6.328, 1.747, 0.010, 204.862, 35.736
266.453, 47.814, 2.324, -5.941, 1.749, 0.010, 202.686, 35.834, 270.170, 48.186, -2.324, 5.934, 1.749, 0.010, 204.777, 36.210
266.932, 47.836, 2.269, -5.570, 1.750, 0.010, 202.601, 36.305, 270.651, 48.164, -2.268, 5.568, 1.750, 0.010, 204.691, 36.684
267.410, 47.859, 2.216, -5.226, 1.752, 0.010, 202.515, 36.776, 271.133, 48.141, -2.216, 5.221, 1.752, 0.010, 204.605, 37.158
267.889, 47.880, 2.167, -4.902, 1.753, 0.010, 202.428, 37.247, 271.614, 48.120, -2.167, 4.899, 1.753, 0.010, 204.518, 37.631
268.368, 47.902, 2.121, -4.601, 1.754, 0.010, 202.342, 37.718, 272.095, 48.098, -2.121, 4.596, 1.754, 0.010, 204.431, 38.104
268.847, 47.922, 2.078, -4.319, 1.754, 0.010, 202.254, 38.189, 272.576, 48.078, -2.078, 4.316, 1.754, 0.010, 204.343, 38.577
269.327, 47.943, 2.038, -4.057, 1.755, 0.010, 202.166, 38.660, 273.056, 48.057, -2.038, 4.054, 1.755, 0.010, 204.255, 39.049
269.806, 47.963, 2.000, -3.815, 1.755, 0.010, 202.078, 39.132, 273.537, 48.037, -1.999, 3.812, 1.755, 0.010, 204.167, 39.522
270.286, 47.982, 1.964, -3.590, 1.756, 0.010, 201.990, 39.603, 274.017, 48.018, -1.964, 3.588, 1.756, 0.010, 204.079, 39.994
270.766, 48.002, 1.930, -3.384, 1.756, 0.010, 201.902, 40.075, 274.497, 47.998, -1.930, 3.381, 1.756, 0.010, 203.991, 40.465
271.246, 48.021, 1.898, -3.195, 1.755, 0.010, 201.814, 40.547, 274.977, 47.979, -1.898, 3.193, 1.755, 0.010, 203.903, 40.937
271.727, 48.039, 1.868, -3.023, 1.755, 0.010, 201.726, 41.019, 275.456, 47.961, -1.868, 3.021, 1.755, 0.010, 203.815, 41.409
272.207, 48.058, 1.839, -2.869, 1.754, 0.010, 201.638, 41.492, 275.936, 47.942, -1.839, 2.866, 1.754, 0.010, 203.727, 41.880
272.688, 48.076, 1.812, -2.731, 1.754, 0.010, 201.550, 41.965, 276.415, 47.924, -1.812, 2.729, 1.754, 0.010, 203.640, 42.351
273.169, 48.094, 1.785, -2.610, 1.753, 0.010, 201.463, 42.438, 276.894, 47.906, -1.786, 2.607, 1.753, 0.010, 203.553, 42.822
273.650, 48.111, 1.760, -2.505, 1.752, 0.010, 201.376, 42.911, 277.373, 47.889, -1.761, 2.503, 1.752, 0.010, 203.467, 43.293
274.131, 48.129, 1.736, -2.418, 1.751, 0.010, 201.290, 43.384, 277.852, 47.871, -1.736, 2.415, 1.751, 0.010, 203.381, 43.764
274.613, 48.146, 1.713, -2.347, 1.749, 0.010, 201.204, 43.858, 278.330, 47.854, -1.713, 2.345, 1.749, 0.010, 203.296, 44.235
275.095, 48.163, 1.690, -2.293, 1.748, 0.010, 201.119, 44.332, 278.808, 47.837, -1.690, 2.292, 1.748, 0.010, 203.211, 44.706
275.576, 48.179, 1.667, -2.257, 1.746, 0.010, 201.035, 44.806, 279.287, 47.821, -1.667, 2.256, 1.746, 0.010, 203.127, 45.177
276.058, 48.196, 1.645, -2.240, 1.744, 0.010, 200.951, 45.281, 279.765, 47.804, -1.645, 2.238, 1.744, 0.010, 203.044, 45.648
276.540, 48.212, 1.622, -2.241, 1.742, 0.010, 200.869, 45.756, 280.243, 47.788, -1.623, 2.238, 1.742, 0.010, 202.962, 46.118
277.023, 48.228, 1.600, -2.259, 1.740, 0.010, 200.787, 46.231, 280.720, 47.772, -1.600, 2.260, 1.740, 0.010, 202.881, 46.589
277.505, 48.244, 1.577, -2.300, 1.738, 0.010, 200.706, 46.707, 281.198, 47.756, -1.577, 2.297, 1.738, 0.010, 202.802, 47.060
277.988, 48.259, 1.553, -2.358, 1.735, 0.010, 200.626, 47.183, 281.675, 47.741, -1.554, 2.358, 1.735, 0.010, 202.723, 47.531
278.470, 48.275, 1.529, -2.439, 1.733, 0.010, 200.548, 47.659, 282.153, 47.725, -1.529, 2.438, 1.733, 0.010, 202.645, 48.002
278.953, 48.290, 1.504, -2.542, 1.730, 0.010, 200.471, 48.136, 282.630, 47.710, -1.504, 2.541, 1.730, 0.010, 202.569, 48.473
279.436, 48.304, 1.477, -2.667, 1.727, 0.010, 200.395, 48.613, 283.107, 47.696, -1.477, 2.666, 1.727, 0.010, 202.494, 48.944
279.920, 48.319, 1.449, -2.815, 1.724, 0.010, 200.321, 49.090, 283.583, 47.681, -1.449, 2.815, 1.724, 0.010, 202.421, 49.415
280.403, 48.333, 1.419, -2.989, 1.721, 0.010, 200.247, 49.568, 284.060, 47.667, -1.419, 2.987, 1.721, 0.010, 202.349, 49.886
280.886, 48.347, 1.387, -3.188, 1.718, 0.010, 200.176, 50.046, 284.537, 47.653, -1.387, 3.186, 1.718, 0.010, 202.278, 50.357
281.370, 48.360, 1.353, -3.410, 1.714, 0.010, 200.106, 50.525, 285.013, 47.640, -1.353, 3.414, 1.714, 0.010, 202.209, 50.829
281.854, 48.374, 1.316, -3.666, 1.711, 0.010, 200.038, 51.004, 285.489, 47.626, -1.316, 3.663, 1.711, 0.010, 202.142, 51.300
282.338, 48.386, 1.277, -3.945, 1.707, 0.010, 199.971, 51.483, 285.965, 47.614, -1.277, 3.945, 1.707, 0.010, 202.076, 51.772
282.822, 48.399, 1.234, -4.254, 1.703, 0.010, 199.906, 51.963, 286.441, 47.601, -1.234, 4.256, 1.703, 0.010, 202.012, 52.244
283.306, 48.411, 1.188, -4.596, 1.700, 0.010, 199.843, 52.443, 286.917, 47.589, -1.189, 4.594, 1.700, 0.010, 201.950, 52.715
283.790, 48.422, 1.139, -4.965, 1.696, 0.010, 199.782, 52.923, 287.393, 47.578, -1.139, 4.966, 1.696, 0.010, 201.890, 53.187
284.274, 48.433, 1.085, -5.368, 1.691, 0.010, 199.723, 53.404, 287.869, 47.567, -1.085, 5.368, 1.691, 0.010, 201.832, 53.659
284.759, 48.443, 1.027, -5.800, 1.687, 0.010, 199.665, 53.885, 288.344, 47.557, -1.027, 5.803, 1.687, 0.010, 201.776, 54.132
285.243, 48.453, 0.964, -6.269, 1.683, 0.010, 199.610, 54.366, 288.820, 47.547, -0.964, 6.267, 1.683, 0.010, 201.722, 54.604
285.728, 48.462, 0.897, -6.766, 1.679, 0.010, 199.557, 54.848, 289.295, 47.538, -0.897, 6.769, 1.679, 0.010, 201.669, 55.077
286.212, 48.451, -1.048, -194.420, 1.674, 0.010, 199.506, 55.330, 289.770, 47.512, -2.658, -176.163, 1.674, 0.010, 201.619, 55.549
286.696, 48.391, -5.991, -494.356, 1.670, 0.010, 199.457, 55.811, 290.245, 47.438, -7.347, -468.817, 1.670, 0.010, 201.571, 56.021
287.179, 48.271, -12.064, -607.307, 1.665, 0.010, 199.410, 56.291, 290.718, 47.307, -13.125, -577.871, 1.665, 0.010, 201.526, 56.492
287.660, 48.089, -18.145, -608.113, 1.661, 0.010, 199.366, 56.770, 291.189, 47.118, -18.896, -577.068, 1.661, 0.010, 201.482, 56.961
288.138, 47.847, -24.234, -608.812, 1.656, 0.010, 199.324, 57.247, 291.658, 46.871, -24.660, -576.366, 1.656, 0.010, 201.441, 57.428
288.614, 47.544, -30.327, -609.393, 1.651, 0.010, 199.284, 57.721, 292.123, 46.567, -30.418, -575.786, 1.651, 0.010, 201.403, 57.892
289.086, 47.179, -36.426, -609.837, 1.647, 0.010, 199.248, 58.191, 292.585, 46.205, -36.171, -575.341, 1.647, 0.010, 201.366, 58.353
289.553, 46.754, -42.527, -610.130, 1.642, 0.010, 199.213, 58.657, 293.043, 45.786, -41.921, -575.050, 1.642, 0.010, 201.333, 58.809
290.016, 46.268, -48.630, -610.256, 1.638, 0.010, 199.181, 59.119, 293.496, 45.310, -47.671, -574.923, 1.638, 0.010, 201.301, 59.261
290.473, 45.720, -54.732, -610.203, 1.633, 0.010, 199.151, 59.575, 293.944, 44.775, -53.420, -574.974, 1.633, 0.010, 201.272, 59.708
290.924, 45.112, -60.831, -609.966, 1.629, 0.010, 199.124, 60.025, 294.386, 44.184, -59.173, -575.215, 1.629, 0.010, 201.246, 60.149
291.369, 44.443, -66.927, -609.533, 1.625, 0.010, 199.099, 60.469, 294.821, 43.534, -64.929, -575.649, 1.625, 0.010, 201.221, 60.584
291.806, 43.713, -73.016, -608.901, 1.621, 0.010, 199.077, 60.906, 295.250, 42.827, -70.692, -576.279, 1.621, 0.010, 201.199, 61.011
292.235, 42.922, -79.096, -608.074, 1.617, 0.010, 199.056, 61.334, 295.670, 42.063, -76.463, -577.107, 1.617, 0.010, 201.179, 61.432
292.656, 42.070, -85.167, -607.057, 1.613, 0.010, 199.038, 61.755, 296.083, 41.240, -82.244, -578.128, 1.613, 0.010, 201.161, 61.844
293.067, 41.158, -91.226, -605.854, 1.609, 0.010, 199.021, 62.166, 296.486, 40.360, -88.037, -579.330, 1.609, 0.010, 201.145, 62.247
293.469, 40.185, -97.270, -604.482, 1.605, 0.010, 199.007, 62.568, 296.880, 39.422, -93.844, -580.700, 1.605, 0.010, 201.130, 62.641
293.860, 39.152, -103.300, -602.964, 1.602, 0.010, 198.994, 62.959, 297.265, 38.425, -99.667, -582.226, 1.602, 0.010, 201.118, 63.025
294.241, 38.078, -107.444, -414.348, 1.599, 0.010, 198.983, 63.339, 297.638, 37.388, -103.669, -400.251, 1.599, 0.010, 201.107, 63.399
294.611, 36.992, -108.583, -113.907, 1.596, 0.010, 198.973, 63.709, 298.002, 36.341, -104.750, -108.107, 1.596, 0.010, 201.097, 63.762
294.970, 35.906, -108.590, -0.694, 1.593, 0.010, 198.964, 64.068, 298.355, 35.293, -104.743, 0.692, 1.593, 0.010, 201.089, 64.115
295.318, 34.820, -108.585, 0.419, 1.590, 0.010, 198.957, 64.416, 298.697, 34.246, -104.748, -0.425, 1.590, 0.010, 201.082, 64.457
295.656, 33.734, -108.570, 1.488, 1.587, 0.010, 198.951, 64.754, 299.029, 33.198, -104.763, -1.490, 1.587, 0.010, 201.076, 64.789
295.982, 32.649, -108.545, 2.497, 1.585, 0.010, 198.946, 65.080, 299.351, 32.150, -104.788, -2.503, 1.585, 0.010, 201.071, 65.111
296.298, 31.564, -108.511, 3.447, 1.583, 0.010, 198.942, 65.396, 299.662, 31.102, -104.822, -3.450, 1.583, 0.010, 201.067, 65.422
296.603, 30.479, -108.468, 4.327, 1.581, 0.010, 198.939, 65.700, 299.962, 30.053, -104.865, -4.331, 1.581, 0.010, 201.064, 65.722
296.897, 29.395, -108.416, 5.135, 1.579, 0.010, 198.936, 65.994, 300.252, 29.004, -104.917, -5.137, 1.579, 0.010, 201.061, 66.012
297.180, 28.311, -108.358, 5.863, 1.577, 0.010, 198.934, 66.278, 300.532, 27.954, -104.975, -5.867, 1.577, 0.010, 201.059, 66.292
297.452, 27.228, -108.293, 6.512, 1.576, 0.010, 198.932, 66.550, 300.801, 26.904, -105.041, -6.516, 1.576, 0.010, 201.057, 66.561
297.714, 26.146, -108.222, 7.080, 1.575, 0.010, 198.931, 66.811, 301.059, 25.853, -105.111, -7.080, 1.575, 0.010, 201.056, 66.819
297.964, 25.065, -108.146, 7.561, 1.573, 0.010, 198.930, 67.062, 301.307, 24.801, -105.187, -7.565, 1.573, 0.010, 201.055, 67.067
298.204, 23.984, -108.067, 7.961, 1.572, 0.010, 198.930, 67.302, 301.545, 23.748, -105.267, -7.962, 1.572, 0.010, 201.055, 67.305
298.433, 22.904, -107.984, 8.276, 1.571, 0.010, 198.930, 67.531, 301.772, 22.695, -105.349, -8.276, 1.571, 0.010, 201.055, 67.532
298.651, 21.825, -107.899, 8.507, 1.570, 0.010, 198.930, 67.749, 301.988, 21.641, -105.435, -8.510, 1.570, 0.010, 201.055, 67.748
298.859, 20.747, -107.812, 8.660, 1.570, 0.010, 198.930, 67.957, 302.194, 20.585, -105.521, -8.660, 1.570, 0.010, 201.055, 67.954
299.055, 19.670, -107.725, 8.733, 1.569, 0.010, 198.930, 68.153, 302.389, 19.529, -105.608, -8.733, 1.569, 0.010, 201.055, 68.149
299.241, 18.594, -107.638, 8.730, 1.568, 0.010, 198.931, 68.339, 302.574, 18.472, -105.696, -8.731, 1.568, 0.010, 201.056, 68.334
299.417, 17.518, -107.551, 8.656, 1.568, 0.010, 198.931, 68.514, 302.748, 17.414, -105.782, -8.656, 1.568, 0.010, 201.056, 68.508
299.581, 16.443, -107.466, 8.513, 1.567, 0.010, 198.932, 68.679, 302.912, 16.356, -105.867, -8.513, 1.567, 0.010, 201.057, 68.672
299.735, 15.370, -107.383, 8.305, 1.567, 0.010, 198.932, 68.832, 303.065, 15.296, -105.951, -8.305, 1.567, 0.010, 201.057, 68.825
299.878, 14.297, -107.302, 8.037, 1.567, 0.010, 198.933, 68.975, 303.207, 14.236, -106.031, -8.036, 1.567, 0.010, 201.058, 68.967
300.010, 13.224, -107.225, 7.711, 1.567, 0.010, 198.933, 69.108, 303.339, 13.175, -106.108, -7.712, 1.567, 0.010, 201.058, 69.099
300.131, 12.153, -107.152, 7.334, 1.566, 0.010, 198.934, 69.229, 303.460, 12.113, -106.181, -7.334, 1.566, 0.010, 201.059, 69.220
300.242, 11.082, -107.083, 6.909, 1.566, 0.010, 198.934, 69.340, 303.571, 11.051, -106.250, -6.909, 1.566, 0.010, 201.059, 69.330
300.342, 10.012, -107.018, 6.441, 1.566, 0.010, 198.935, 69.440, 303.670, 9.987, -106.315, -6.440, 1.566, 0.010, 201.060, 69.430
300.432, 8.961, -105.104, 191.400, 1.566, 0.010, 198.935, 69.530, 303.760, 8.942, -104.523, 179.184, 1.566, 0.010, 201.060, 69.520
300.512, 7.958, -100.232, 487.274, 1.566, 0.010, 198.936, 69.609, 303.839, 7.945, -99.764, 475.903, 1.566, 0.010, 201.061, 69.599
300.582, 7.016, -94.256, 597.536, 1.566, 0.010, 198.936, 69.679, 303.909, 7.006, -93.887, 587.649, 1.566, 0.010, 201.061, 69.669
300.643, 6.133, -88.289, 596.730, 1.566, 0.010, 198.936, 69.741, 303.971, 6.126, -88.003, 588.455, 1.566, 0.010, 201.061, 69.730
300.696, 5.310, -82.329, 596.008, 1.566, 0.010, 198.936, 69.794, 304.024, 5.305, -82.111, 589.177, 1.566, 0.010, 201.061, 69.783
300.742, 4.546, -76.375, 595.367, 1.566, 0.010, 198.937, 69.839, 304.069, 4.542, -76.213, 589.818, 1.566, 0.010, 201.062, 69.829
300.780, 3.842, -70.427, 594.807, 1.566, 0.010, 198.937, 69.878, 304.108, 3.839, -70.309, 590.378, 1.566, 0.010, 201.062, 69.867
300.812, 3.197, -64.484, 594.324, 1.566, 0.010, 198.937, 69.910, 304.139, 3.195, -64.401, 590.861, 1.566, 0.010, 201.062, 69.899
300.838, 2.611, -58.545, 593.915, 1.566, 0.010, 198.937, 69.936, 304.166, 2.610, -58.488, 591.271, 1.566, 0.010, 201.062, 69.925
300.859, 2.085, -52.609, 593.574, 1.566, 0.010, 198.937, 69.957, 304.186, 2.085, -52.572, 591.612, 1.566, 0.010, 201.062, 69.946
300.875, 1.618, -46.676, 593.296, 1.566, 0.010, 198.937, 69.973, 304.203, 1.618, -46.653, 591.889, 1.566, 0.010, 201.062, 69.962
300.887, 1.211, -40.745, 593.076, 1.566, 0.010, 198.937, 69.985, 304.215, 1.211, -40.732, 592.109, 1.566, 0.010, 201.062, 69.974
300.896, 0.863, -34.816, 592.907, 1.566, 0.010, 198.937, 69.994, 304.223, 0.863, -34.809, 592.278, 1.566, 0.010, 201.062, 69.983
300.902, 0.574, -28.889, 592.783, 1.566, 0.010, 198.937, 69.999, 304.229, 0.574, -28.885, 592.402, 1.566, 0.010, 201.062, 69.989
300.905, 0.344, -22.962, 592.697, 1.566, 0.010, 198.938, 70.003, 304.233, 0.344, -22.960, 592.488, 1.566, 0.010, 201.062, 69.992
300.907, 0.174, -17.035, 592.642, 1.566, 0.010, 198.938, 70.005, 304.234, 0.174, -17.035, 592.543, 1.566, 0.010, 201.062, 69.994
300.907, 0.063, -11.109, 592.611, 1.566, 0.010, 198.938, 70.005, 304.235, 0.063, -11.109, 592.574, 1.566, 0.010, 201.062, 69.995
300.908, 0.011, -5.183, 592.597, 1.566, 0.010, 198.938, 70.005, 304.235, 0.011, -5.183, 592.588, 1.566, 0.010, 201.062, 69.995
300.908, 0.000, -1.110, 407.301, 1.566, 0.010, 198.938, 70.005, 304.235, 0.000, -1.110, 407.300, 1.566, 0.010, 201.062, 69.995
